equityFinal,returnTotal,cagr,sharpe,mdd,tradesCount
4888.99904,-0.5111000960000001,-0.5297642994540013,-4.693756371736019,0.5390049053071928,120