equityFinal,returnTotal,cagr,sharpe,mdd,tradesCount
4830.53259,-0.516946741,-0.5356916853519931,-4.907688726699498,0.5436883756701134,120