equityFinal,returnTotal,cagr,sharpe,mdd,tradesCount
5262.78302,-0.473721698,-0.491780350401252,-4.303262619651557,0.5076520215881768,120