equityFinal,returnTotal,cagr,sharpe,mdd,tradesCount
5015.99407,-0.498400593,-0.5168761895370895,-4.658374674130581,0.5265395828202644,120