equityFinal,returnTotal,cagr,sharpe,mdd,tradesCount
5053.09403,-0.49469059699999995,-0.5131077230469527,-4.799836388797655,0.5283833850741134,120