equityFinal,returnTotal,cagr,sharpe,mdd,tradesCount
5356.53275,-0.46434672499999996,-0.48223003233692197,-4.455784686198188,0.4956291877682085,120