equityFinal,returnTotal,cagr,sharpe,mdd,tradesCount
5274.739,-0.47252610000000006,-0.49056290184125906,-4.457008408338255,0.5092659105496921,120