equityFinal,returnTotal,cagr,sharpe,mdd,tradesCount
5424.72373,-0.45752762700000005,-0.475277669943151,-3.9072474580424785,0.5046621391560253,120