equityFinal,returnTotal,cagr,sharpe,mdd,tradesCount
5030.65872,-0.496934128,-0.5153867932466345,-4.6977136981995224,0.520963257400471,120