equityFinal,returnTotal,cagr,sharpe,mdd,tradesCount
5030.99352,-0.496900648,-0.5153527869557919,-4.627076914403832,0.5308095686456806,120