equityFinal,returnTotal,cagr,sharpe,mdd,tradesCount
5008.89366,-0.49911063400000005,-0.517597248479048,-4.674253604875969,0.5260742772143584,120