equityFinal,returnTotal,cagr,sharpe,mdd,tradesCount
4983.80224,-0.501619776,-0.5201448797989622,-4.793519597020982,0.5264385308703446,120