equityFinal,returnTotal,cagr,sharpe,mdd,tradesCount
4898.79694,-0.510120306,-0.5287706002462131,-4.739549361159304,0.5388676165340157,120