equityFinal,returnTotal,cagr,sharpe,mdd,tradesCount
4953.07815,-0.504692185,-0.5232634680482693,-4.628676049265129,0.5303616978198861,120