equityFinal,returnTotal,cagr,sharpe,mdd,tradesCount
4956.10061,-0.504389939,-0.5229567257548127,-4.860963590336671,0.5363138978655957,120