equityFinal,returnTotal,cagr,sharpe,mdd,tradesCount
4955.90515,-0.504409485,-0.5229765628342088,-4.78549415474135,0.5350345085516702,120