equityFinal,returnTotal,cagr,sharpe,mdd,tradesCount
5267.93733,-0.473206267,-0.49125551789387445,-4.223278154931579,0.5045006040576497,120