equityFinal,returnTotal,cagr,sharpe,mdd,tradesCount
5297.41785,-0.47025821500000003,-0.4882531571759702,-4.1954188346960235,0.5168859270194535,120