equityFinal,returnTotal,cagr,sharpe,mdd,tradesCount
10329.531,0.03295310000000009,0.034776349106625304,0.49847038725573267,0.05984884168432108,5