equityFinal,returnTotal,cagr,sharpe,mdd,tradesCount
5347.085,-0.46529149999999997,-0.48319289263492937,-4.40939908354613,0.49791990714795575,120