equityFinal,returnTotal,cagr,sharpe,mdd,tradesCount
5073.82834,-0.492617166,-0.5110009578593193,-4.833518393470757,0.5266834967363111,120