equityFinal,returnTotal,cagr,sharpe,mdd,tradesCount
5193.16134,-0.480683866,-0.4988667589842599,-4.39590858681538,0.5235870118857754,120