equityFinal,returnTotal,cagr,sharpe,mdd,tradesCount
5007.28253,-0.49927174699999993,-0.5177608537869047,-4.599169224322252,0.5407442331888606,120