equityFinal,returnTotal,cagr,sharpe,mdd,tradesCount
5113.37884,-0.488662116,-0.506981026004345,-4.492972582490693,0.5186471756542465,120