equityFinal,returnTotal,cagr,sharpe,mdd,tradesCount
4910.51448,-0.508948552,-0.5275820699560843,-4.829167766159796,0.5435411259634892,120