equityFinal,returnTotal,cagr,sharpe,mdd,tradesCount
5124.25496,-0.48757450399999996,-0.5058752748555269,-4.366810703963383,0.5199920368681907,120