equityFinal,returnTotal,cagr,sharpe,mdd,tradesCount
10600.57994,0.06005799399999996,0.06342627717834493,0.8118437050799113,0.055614238112194285,5