equityFinal,returnTotal,cagr,sharpe,mdd,tradesCount
5042.41873,-0.495758127,-0.5141922323056579,-4.398816132695155,0.5312129494737882,120