equityFinal,returnTotal,cagr,sharpe,mdd,tradesCount
10102.55545,0.010255544999999984,0.010816384319942474,0.16469954191785424,0.11269220170958326,9