equityFinal,returnTotal,cagr,sharpe,mdd,tradesCount
4919.49804,-0.508050196,-0.5266707474741246,-4.8739652468201715,0.5345352885104399,120