{
  "runs": 100,
  "seed": 42,
  "cagr": {
    "mean": -0.5080965866822337,
    "sd": 0.017395748050825683,
    "p05": -0.5402327501576847,
    "p50": -0.5073720514246894,
    "p95": -0.47957075311577946
  },
  "mdd": {
    "mean": 0.5229347875808829,
    "sd": 0.014904443781331966,
    "p05": 0.4956291877682085,
    "p50": 0.5233884733502158,
    "p95": 0.5496829566004067
  },
  "sharpe": {
    "mean": -4.580564947073917,
    "sd": 0.24115410567582146,
    "p05": -4.960240381695946,
    "p50": -4.609920621432705,
    "p95": -4.1954188346960235
  },
  "returnTotal": {
    "mean": -0.48977492584999993,
    "sd": 0.017110441918125434,
    "p05": -0.521428552,
    "p50": -0.489046757,
    "p95": -0.46173786499999997
  }
}