{
  "runId": "omega-1761081986877",
  "timestamp": "2025-10-21T21:26:26.880Z",
  "engineVersion": "v3.16",
  "strategy": "Example Strategy (Baseline)",
  "seed": "1761081986877",
  "options": {
    "initialCash": 10000,
    "feeBps": 11.746714697548263,
    "slippage": {
      "mode": "dynamic",
      "spreadBps": 15,
      "liquidityFactor": 0.7,
      "volatilityLookback": 10,
      "sizeImpactBps": 0.1,
      "minBps": 2,
      "maxBps": 60
    },
    "slippageBps": null
  },
  "data": {
    "bars": 240,
    "start": 1740010219424,
    "end": 1760659819424,
    "checksum": "none"
  },
  "metrics": {
    "equityFinal": 4733.74493,
    "returnTotal": -0.526625507,
    "cagr": -0.5454955168845057,
    "sharpe": -5.045746156200569,
    "sortino": -4.1750203639557695,
    "mdd": 0.5512569546499692,
    "tradesCount": 120
  },
  "digitalSeal": "0811851905604526e02157a00b439dcbabe59236b02806f3aa7df2622e4f4b72"
}