{
  "runId": "omega-1761082299396",
  "timestamp": "2025-10-21T21:31:39.408Z",
  "engineVersion": "v3.17",
  "strategy": "Example Strategy (Baseline)",
  "seed": "1761082299396",
  "options": {
    "initialCash": 10000,
    "feeBps": 9.39705719052489,
    "slippage": {
      "mode": "dynamic",
      "spreadBps": 15,
      "liquidityFactor": 0.7,
      "volatilityLookback": 10,
      "sizeImpactBps": 0.1,
      "minBps": 2,
      "maxBps": 60
    },
    "slippageBps": null
  },
  "data": {
    "bars": 240,
    "start": 1740010219424,
    "end": 1760659819424,
    "checksum": "none"
  },
  "metrics": {
    "equityFinal": 5143.49826,
    "returnTotal": -0.485650174,
    "cagr": -0.5039185383524256,
    "sharpe": -4.363591428599517,
    "mdd": 0.5250364815594138,
    "tradesCount": 120
  },
  "digitalSeal": "c81598e0e5143cfb3d93bcda887dbcb55af0cb327a87a0d9e903d5ded92fe840"
}