{
  "runId": "omega-1761083161520",
  "timestamp": "2025-10-21T21:46:01.528Z",
  "engineVersion": "v3.18",
  "strategy": "Example Strategy (Baseline)",
  "seed": "1761083161520",
  "options": {
    "initialCash": 10000,
    "feeBps": 8.414312133592682,
    "slippage": {
      "mode": "dynamic",
      "spreadBps": 15,
      "liquidityFactor": 0.7,
      "volatilityLookback": 10,
      "sizeImpactBps": 0.1,
      "minBps": 2,
      "maxBps": 60
    },
    "slippageBps": null
  },
  "data": {
    "bars": 240,
    "start": 1740010219424,
    "end": 1760659819424,
    "checksum": "none"
  },
  "metrics": {
    "equityFinal": 5274.739,
    "returnTotal": -0.47252610000000006,
    "cagr": -0.49056290184125906,
    "sharpe": -4.457008408338255,
    "mdd": 0.5092659105496921,
    "tradesCount": 120
  },
  "digitalSeal": "753bcaa40303de11fe2fcd45ddd2a5f85d69595357c7f9b3aca917e0e666242d"
}