{
  "runId": "omega-1761082299298",
  "timestamp": "2025-10-21T21:31:39.310Z",
  "engineVersion": "v3.17",
  "strategy": "Example Strategy (Baseline)",
  "seed": "1761082299298",
  "options": {
    "initialCash": 10000,
    "feeBps": 10.757633206801497,
    "slippage": {
      "mode": "dynamic",
      "spreadBps": 15,
      "liquidityFactor": 0.7,
      "volatilityLookback": 10,
      "sizeImpactBps": 0.1,
      "minBps": 2,
      "maxBps": 60
    },
    "slippageBps": null
  },
  "data": {
    "bars": 240,
    "start": 1740010219424,
    "end": 1760659819424,
    "checksum": "none"
  },
  "metrics": {
    "equityFinal": 4812.57574,
    "returnTotal": -0.518742426,
    "cagr": -0.53751138737632,
    "sharpe": -4.681491461650043,
    "mdd": 0.5496829566004067,
    "tradesCount": 120
  },
  "digitalSeal": "53c514f5e0235830914248b3ef229c8e4e03db759e6d14d3ec772b002e14907e"
}