{
  "runId": "omega-1761083160667",
  "timestamp": "2025-10-21T21:46:00.677Z",
  "engineVersion": "v3.18",
  "strategy": "Example Strategy (Baseline)",
  "seed": "1761083160667",
  "options": {
    "initialCash": 10000,
    "feeBps": 9.64541098534048,
    "slippage": {
      "mode": "dynamic",
      "spreadBps": 15,
      "liquidityFactor": 0.7,
      "volatilityLookback": 10,
      "sizeImpactBps": 0.1,
      "minBps": 2,
      "maxBps": 60
    },
    "slippageBps": null
  },
  "data": {
    "bars": 240,
    "start": 1740010219424,
    "end": 1760659819424,
    "checksum": "none"
  },
  "metrics": {
    "equityFinal": 4968.44963,
    "returnTotal": -0.503155037,
    "cagr": -0.5217033473636603,
    "sharpe": -4.617764084100754,
    "mdd": 0.5376737885528368,
    "tradesCount": 120
  },
  "digitalSeal": "3787e39b23061dff63027ce6073d5fed1278850c7f46bd409457b8c9ffcca17c"
}