{
  "runId": "omega-1761082298854",
  "timestamp": "2025-10-21T21:31:38.869Z",
  "engineVersion": "v3.17",
  "strategy": "Example Strategy (Baseline)",
  "seed": "1761082298854",
  "options": {
    "initialCash": 10000,
    "feeBps": 8.240597142807207,
    "slippage": {
      "mode": "dynamic",
      "spreadBps": 15,
      "liquidityFactor": 0.7,
      "volatilityLookback": 10,
      "sizeImpactBps": 0.1,
      "minBps": 2,
      "maxBps": 60
    },
    "slippageBps": null
  },
  "data": {
    "bars": 240,
    "start": 1740010219424,
    "end": 1760659819424,
    "checksum": "none"
  },
  "metrics": {
    "equityFinal": 5060.86177,
    "returnTotal": -0.493913823,
    "cagr": -0.5123185159646664,
    "sharpe": -4.640647913146409,
    "mdd": 0.5148303341932577,
    "tradesCount": 120
  },
  "digitalSeal": "50b4d96b8ad9f2010a37907a267a67601f8e0b278d5005d149457f7cbfb6b981"
}