{
  "runId": "omega-1761083108439",
  "timestamp": "2025-10-21T21:45:08.443Z",
  "engineVersion": "v3.18",
  "strategy": "Example Strategy (Baseline)",
  "seed": "1761083108439",
  "options": {
    "initialCash": 10000,
    "feeBps": 10.663516032157004,
    "slippage": {
      "mode": "dynamic",
      "spreadBps": 15,
      "liquidityFactor": 0.7,
      "volatilityLookback": 10,
      "sizeImpactBps": 0.1,
      "minBps": 2,
      "maxBps": 60
    },
    "slippageBps": null
  },
  "data": {
    "bars": 240,
    "start": 1740010219424,
    "end": 1760659819424,
    "checksum": "none"
  },
  "metrics": {
    "equityFinal": 4896.44761,
    "returnTotal": -0.510355239,
    "cagr": -0.5290088782423685,
    "sharpe": -4.985398512527044,
    "mdd": 0.5388419423876227,
    "tradesCount": 120
  },
  "digitalSeal": "72c72bd86c546a54b89d5c06e2088b769504847d071f5d5e86fa5a41423d1a82"
}