{
  "runId": "omega-1761082299425",
  "timestamp": "2025-10-21T21:31:39.441Z",
  "engineVersion": "v3.17",
  "strategy": "Example Strategy (Baseline)",
  "seed": "1761082299425",
  "options": {
    "initialCash": 10000,
    "feeBps": 10.35676147838165,
    "slippage": {
      "mode": "dynamic",
      "spreadBps": 15,
      "liquidityFactor": 0.7,
      "volatilityLookback": 10,
      "sizeImpactBps": 0.1,
      "minBps": 2,
      "maxBps": 60
    },
    "slippageBps": null
  },
  "data": {
    "bars": 240,
    "start": 1740010219424,
    "end": 1760659819424,
    "checksum": "none"
  },
  "metrics": {
    "equityFinal": 4910.51448,
    "returnTotal": -0.508948552,
    "cagr": -0.5275820699560843,
    "sharpe": -4.829167766159796,
    "mdd": 0.5435411259634892,
    "tradesCount": 120
  },
  "digitalSeal": "1b7a7106c78f1dca6e914ff2d835780d75ff94b1a76d264fed45aa12b5b8e291"
}