{
  "runId": "omega-1761083160870",
  "timestamp": "2025-10-21T21:46:00.878Z",
  "engineVersion": "v3.18",
  "strategy": "Example Strategy (Baseline)",
  "seed": "1761083160870",
  "options": {
    "initialCash": 10000,
    "feeBps": 10.915000668146018,
    "slippage": {
      "mode": "dynamic",
      "spreadBps": 15,
      "liquidityFactor": 0.7,
      "volatilityLookback": 10,
      "sizeImpactBps": 0.1,
      "minBps": 2,
      "maxBps": 60
    },
    "slippageBps": null
  },
  "data": {
    "bars": 240,
    "start": 1740010219424,
    "end": 1760659819424,
    "checksum": "none"
  },
  "metrics": {
    "equityFinal": 5267.93733,
    "returnTotal": -0.473206267,
    "cagr": -0.49125551789387445,
    "sharpe": -4.223278154931579,
    "mdd": 0.5045006040576497,
    "tradesCount": 120
  },
  "digitalSeal": "c7a1c5ebf3993a5e28e14e5111822d8b74bd678841333c1621c233fe2e3bb028"
}