{
  "runId": "omega-1761081653176",
  "timestamp": "2025-10-21T21:20:53.185Z",
  "engineVersion": "v3.16",
  "strategy": "Example Strategy (Baseline)",
  "seed": "1761081653176",
  "options": {
    "initialCash": 10000,
    "feeBps": 10.323568267459372,
    "slippage": {
      "mode": "dynamic",
      "spreadBps": 15,
      "liquidityFactor": 0.7,
      "volatilityLookback": 10,
      "sizeImpactBps": 0.1,
      "minBps": 2,
      "maxBps": 60
    },
    "slippageBps": null
  },
  "data": {
    "bars": 240,
    "start": 1740010219424,
    "end": 1760659819424,
    "checksum": "none"
  },
  "metrics": {
    "equityFinal": 5042.41873,
    "returnTotal": -0.495758127,
    "cagr": -0.5141922323056579,
    "sharpe": -4.398816132695155,
    "sortino": -3.8142508393940706,
    "mdd": 0.5312129494737882,
    "tradesCount": 120
  },
  "digitalSeal": "df199b2e10e77f42122a9e7277101d43b0189085c80538ed07cddc5b4fa88f09"
}