{
  "runId": "omega-1761088572208",
  "timestamp": "2025-10-21T23:16:12.211Z",
  "engineVersion": "v3.18",
  "strategy": "Example Strategy (Baseline)",
  "seed": "1761088572208",
  "options": {
    "initialCash": 10000,
    "feeBps": 11.120991214575433,
    "slippage": {
      "mode": "dynamic",
      "spreadBps": 15,
      "liquidityFactor": 0.7,
      "volatilityLookback": 10,
      "sizeImpactBps": 0.1,
      "minBps": 2,
      "maxBps": 60
    },
    "slippageBps": null
  },
  "data": {
    "bars": 240,
    "start": 1740010219424,
    "end": 1760659819424,
    "checksum": "none"
  },
  "metrics": {
    "equityFinal": 5084.89137,
    "returnTotal": -0.49151086299999996,
    "cagr": -0.5098766772933798,
    "sharpe": -4.596478584891492,
    "mdd": 0.5237570153275637,
    "tradesCount": 120
  },
  "digitalSeal": "b4435cb6304382e16e322699e10eb157c7a52ec17270cdec7c93ae751af5942e"
}