{
  "runId": "omega-1761088572311",
  "timestamp": "2025-10-21T23:16:12.314Z",
  "engineVersion": "v3.18",
  "strategy": "Example Strategy (Baseline)",
  "seed": "1761088572311",
  "options": {
    "initialCash": 10000,
    "feeBps": 10.26373648131953,
    "slippage": {
      "mode": "dynamic",
      "spreadBps": 15,
      "liquidityFactor": 0.7,
      "volatilityLookback": 10,
      "sizeImpactBps": 0.1,
      "minBps": 2,
      "maxBps": 60
    },
    "slippageBps": null
  },
  "data": {
    "bars": 240,
    "start": 1740010219424,
    "end": 1760659819424,
    "checksum": "none"
  },
  "metrics": {
    "equityFinal": 4871.79417,
    "returnTotal": -0.512820583,
    "cagr": -0.5315089484613863,
    "sharpe": -4.801193860362861,
    "mdd": 0.5422010081568545,
    "tradesCount": 120
  },
  "digitalSeal": "46d509c150c3d02313cd2194d1bb1dd856e8ce891ee33679c31a4306c8c76582"
}