{
  "runId": "omega-1761081653327",
  "timestamp": "2025-10-21T21:20:53.332Z",
  "engineVersion": "v3.16",
  "strategy": "Example Strategy (Baseline)",
  "seed": "1761081653327",
  "options": {
    "initialCash": 10000,
    "feeBps": 8.627946247836515,
    "slippage": {
      "mode": "dynamic",
      "spreadBps": 15,
      "liquidityFactor": 0.7,
      "volatilityLookback": 10,
      "sizeImpactBps": 0.1,
      "minBps": 2,
      "maxBps": 60
    },
    "slippageBps": null
  },
  "data": {
    "bars": 240,
    "start": 1740010219424,
    "end": 1760659819424,
    "checksum": "none"
  },
  "metrics": {
    "equityFinal": 5209.3521,
    "returnTotal": -0.47906479,
    "cagr": -0.4972192489912991,
    "sharpe": -4.3091767844104,
    "sortino": -3.680252622177123,
    "mdd": 0.5145830914339499,
    "tradesCount": 120
  },
  "digitalSeal": "68985fc0db4d4e5c75ba64fd61f53440b0758e4a7a87664e36918d12cc3a5372"
}