{
  "runId": "omega-1761081653314",
  "timestamp": "2025-10-21T21:20:53.318Z",
  "engineVersion": "v3.16",
  "strategy": "Example Strategy (Baseline)",
  "seed": "1761081653314",
  "options": {
    "initialCash": 10000,
    "feeBps": 12.222614218266493,
    "slippage": {
      "mode": "dynamic",
      "spreadBps": 15,
      "liquidityFactor": 0.7,
      "volatilityLookback": 10,
      "sizeImpactBps": 0.1,
      "minBps": 2,
      "maxBps": 60
    },
    "slippageBps": null
  },
  "data": {
    "bars": 240,
    "start": 1740010219424,
    "end": 1760659819424,
    "checksum": "none"
  },
  "metrics": {
    "equityFinal": 4785.71448,
    "returnTotal": -0.521428552,
    "cagr": -0.5402327501576847,
    "sharpe": -4.900578197396988,
    "sortino": -4.045611296874289,
    "mdd": 0.5522631888361076,
    "tradesCount": 120
  },
  "digitalSeal": "93cfcdbf9245c92acb36d6b0028ace5dcf546949f9f7ee2701a7eeccde00fa0e"
}