{
  "runId": "omega-1761083108377",
  "timestamp": "2025-10-21T21:45:08.382Z",
  "engineVersion": "v3.18",
  "strategy": "Example Strategy (Baseline)",
  "seed": "1761083108377",
  "options": {
    "initialCash": 10000,
    "feeBps": 12.280845881497228,
    "slippage": {
      "mode": "dynamic",
      "spreadBps": 15,
      "liquidityFactor": 0.7,
      "volatilityLookback": 10,
      "sizeImpactBps": 0.1,
      "minBps": 2,
      "maxBps": 60
    },
    "slippageBps": null
  },
  "data": {
    "bars": 240,
    "start": 1740010219424,
    "end": 1760659819424,
    "checksum": "none"
  },
  "metrics": {
    "equityFinal": 5110.40712,
    "returnTotal": -0.488959288,
    "cagr": -0.5072831319864195,
    "sharpe": -4.634838763715779,
    "mdd": 0.5240751939009568,
    "tradesCount": 120
  },
  "digitalSeal": "69d47e01c790f3e6fb96ce600c52cd0fd444fb24641e8102e835bb3dc77744ba"
}