{
  "runId": "omega-1761081653252",
  "timestamp": "2025-10-21T21:20:53.257Z",
  "engineVersion": "v3.16",
  "strategy": "Example Strategy (Baseline)",
  "seed": "1761081653252",
  "options": {
    "initialCash": 10000,
    "feeBps": 10.876248574086578,
    "slippage": {
      "mode": "dynamic",
      "spreadBps": 15,
      "liquidityFactor": 0.7,
      "volatilityLookback": 10,
      "sizeImpactBps": 0.1,
      "minBps": 2,
      "maxBps": 60
    },
    "slippageBps": null
  },
  "data": {
    "bars": 240,
    "start": 1740010219424,
    "end": 1760659819424,
    "checksum": "none"
  },
  "metrics": {
    "equityFinal": 5149.69367,
    "returnTotal": -0.48503063300000004,
    "cagr": -0.5032884792150922,
    "sharpe": -4.519627714944535,
    "sortino": -3.869796564054038,
    "mdd": 0.5116429938583811,
    "tradesCount": 120
  },
  "digitalSeal": "57e6ff202e0bf9eb457b3b6c89d42e438d55300a61eca962ed2eb93615cf5cce"
}