{
  "runId": "omega-1761083161244",
  "timestamp": "2025-10-21T21:46:01.253Z",
  "engineVersion": "v3.18",
  "strategy": "Example Strategy (Baseline)",
  "seed": "1761083161244",
  "options": {
    "initialCash": 10000,
    "feeBps": 10.381166262245634,
    "slippage": {
      "mode": "dynamic",
      "spreadBps": 15,
      "liquidityFactor": 0.7,
      "volatilityLookback": 10,
      "sizeImpactBps": 0.1,
      "minBps": 2,
      "maxBps": 60
    },
    "slippageBps": null
  },
  "data": {
    "bars": 240,
    "start": 1740010219424,
    "end": 1760659819424,
    "checksum": "none"
  },
  "metrics": {
    "equityFinal": 5004.81883,
    "returnTotal": -0.499518117,
    "cagr": -0.5180110294249218,
    "sharpe": -4.609920621432705,
    "mdd": 0.536779255638614,
    "tradesCount": 120
  },
  "digitalSeal": "41f98e8e5b61618abbbc9cfcccbdbf46e9b2d34e1369b9e347936f93c0d0bcd7"
}