{
  "runId": "omega-1761088571997",
  "timestamp": "2025-10-21T23:16:12.002Z",
  "engineVersion": "v3.18",
  "strategy": "Example Strategy (Baseline)",
  "seed": "1761088571997",
  "options": {
    "initialCash": 10000,
    "feeBps": 12.386517148414276,
    "slippage": {
      "mode": "dynamic",
      "spreadBps": 15,
      "liquidityFactor": 0.7,
      "volatilityLookback": 10,
      "sizeImpactBps": 0.1,
      "minBps": 2,
      "maxBps": 60
    },
    "slippageBps": null
  },
  "data": {
    "bars": 240,
    "start": 1740010219424,
    "end": 1760659819424,
    "checksum": "none"
  },
  "metrics": {
    "equityFinal": 4785.53971,
    "returnTotal": -0.521446029,
    "cagr": -0.5402504537068913,
    "sharpe": -4.94286707990971,
    "mdd": 0.5524818830167403,
    "tradesCount": 120
  },
  "digitalSeal": "d2b659d5e16b7551fdbc94b79fdf00b2f08c4360efc81f6b814b1c1ff207fb63"
}