{
  "runId": "omega-1761082299629",
  "timestamp": "2025-10-21T21:31:39.645Z",
  "engineVersion": "v3.17",
  "strategy": "Example Strategy (Baseline)",
  "seed": "1761082299629",
  "options": {
    "initialCash": 10000,
    "feeBps": 9.752554493054948,
    "slippage": {
      "mode": "dynamic",
      "spreadBps": 15,
      "liquidityFactor": 0.7,
      "volatilityLookback": 10,
      "sizeImpactBps": 0.1,
      "minBps": 2,
      "maxBps": 60
    },
    "slippageBps": null
  },
  "data": {
    "bars": 240,
    "start": 1740010219424,
    "end": 1760659819424,
    "checksum": "none"
  },
  "metrics": {
    "equityFinal": 5113.37884,
    "returnTotal": -0.488662116,
    "cagr": -0.506981026004345,
    "sharpe": -4.492972582490693,
    "mdd": 0.5186471756542465,
    "tradesCount": 120
  },
  "digitalSeal": "9dacfe6942e23a21b0f066570810a8fe2dacea95155b7a7f88f8718aa0e9ccc7"
}