{
  "runId": "omega-1761081653403",
  "timestamp": "2025-10-21T21:20:53.407Z",
  "engineVersion": "v3.16",
  "strategy": "Example Strategy (Baseline)",
  "seed": "1761081653403",
  "options": {
    "initialCash": 10000,
    "feeBps": 9.39705719052489,
    "slippage": {
      "mode": "dynamic",
      "spreadBps": 15,
      "liquidityFactor": 0.7,
      "volatilityLookback": 10,
      "sizeImpactBps": 0.1,
      "minBps": 2,
      "maxBps": 60
    },
    "slippageBps": null
  },
  "data": {
    "bars": 240,
    "start": 1740010219424,
    "end": 1760659819424,
    "checksum": "none"
  },
  "metrics": {
    "equityFinal": 5143.49826,
    "returnTotal": -0.485650174,
    "cagr": -0.5039185383524256,
    "sharpe": -4.363591428599517,
    "sortino": -3.737910148320093,
    "mdd": 0.5250364815594138,
    "tradesCount": 120
  },
  "digitalSeal": "2c0bb70b3652b9913839b61c8fcc18fb261e98f03c17fe0591bb9e443cbca679"
}