{
  "runId": "omega-1761082300458",
  "timestamp": "2025-10-21T21:31:40.477Z",
  "engineVersion": "v3.17",
  "strategy": "Example Strategy (Baseline)",
  "seed": "1761082300458",
  "options": {
    "initialCash": 10000,
    "feeBps": 12.284812609453354,
    "slippage": {
      "mode": "dynamic",
      "spreadBps": 15,
      "liquidityFactor": 0.7,
      "volatilityLookback": 10,
      "sizeImpactBps": 0.1,
      "minBps": 2,
      "maxBps": 60
    },
    "slippageBps": null
  },
  "data": {
    "bars": 240,
    "start": 1740010219424,
    "end": 1760659819424,
    "checksum": "none"
  },
  "metrics": {
    "equityFinal": 4995.55966,
    "returnTotal": -0.500444034,
    "cagr": -0.5189511889970286,
    "sharpe": -4.802652646737396,
    "mdd": 0.5315948246718093,
    "tradesCount": 120
  },
  "digitalSeal": "a59966a5244693ef0a4299db35d94a419a596c9c9f08db168831ae4370f3e1d2"
}