{
  "runId": "omega-1761088572354",
  "timestamp": "2025-10-21T23:16:12.358Z",
  "engineVersion": "v3.18",
  "strategy": "Example Strategy (Baseline)",
  "seed": "1761088572354",
  "options": {
    "initialCash": 10000,
    "feeBps": 10.381166262245634,
    "slippage": {
      "mode": "dynamic",
      "spreadBps": 15,
      "liquidityFactor": 0.7,
      "volatilityLookback": 10,
      "sizeImpactBps": 0.1,
      "minBps": 2,
      "maxBps": 60
    },
    "slippageBps": null
  },
  "data": {
    "bars": 240,
    "start": 1740010219424,
    "end": 1760659819424,
    "checksum": "none"
  },
  "metrics": {
    "equityFinal": 5004.81883,
    "returnTotal": -0.499518117,
    "cagr": -0.5180110294249218,
    "sharpe": -4.609920621432705,
    "mdd": 0.536779255638614,
    "tradesCount": 120
  },
  "digitalSeal": "52dc46438f579543c25af1030cd36f4d9a7f7c1ff4849b3b3dd9e886bd1a0448"
}