{
  "runId": "omega-1761082301094",
  "timestamp": "2025-10-21T21:31:41.120Z",
  "engineVersion": "v3.17",
  "strategy": "Example Strategy (Baseline)",
  "seed": "1761082301094",
  "options": {
    "initialCash": 10000,
    "feeBps": 11.17982662015573,
    "slippage": {
      "mode": "dynamic",
      "spreadBps": 15,
      "liquidityFactor": 0.7,
      "volatilityLookback": 10,
      "sizeImpactBps": 0.1,
      "minBps": 2,
      "maxBps": 60
    },
    "slippageBps": null
  },
  "data": {
    "bars": 240,
    "start": 1740010219424,
    "end": 1760659819424,
    "checksum": "none"
  },
  "metrics": {
    "equityFinal": 5085.04912,
    "returnTotal": -0.491495088,
    "cagr": -0.5098606449847797,
    "sharpe": -4.622298472133596,
    "mdd": 0.5243119339536249,
    "tradesCount": 120
  },
  "digitalSeal": "4dc02156fac7f7eb56d2302b8fef479a4714eb76264c1f852b13b444db75274b"
}