{
  "runId": "omega-1761083108481",
  "timestamp": "2025-10-21T21:45:08.485Z",
  "engineVersion": "v3.18",
  "strategy": "Example Strategy (Baseline)",
  "seed": "1761083108481",
  "options": {
    "initialCash": 10000,
    "feeBps": 10.45345762770264,
    "slippage": {
      "mode": "dynamic",
      "spreadBps": 15,
      "liquidityFactor": 0.7,
      "volatilityLookback": 10,
      "sizeImpactBps": 0.1,
      "minBps": 2,
      "maxBps": 60
    },
    "slippageBps": null
  },
  "data": {
    "bars": 240,
    "start": 1740010219424,
    "end": 1760659819424,
    "checksum": "none"
  },
  "metrics": {
    "equityFinal": 4983.80224,
    "returnTotal": -0.501619776,
    "cagr": -0.5201448797989622,
    "sharpe": -4.793519597020982,
    "mdd": 0.5264385308703446,
    "tradesCount": 120
  },
  "digitalSeal": "e7c551fe1f7befeaa4d8cfae0bbaa9a01baa853bc2b540da3ac55e402dd759c1"
}