{
  "runId": "omega-1761081653188",
  "timestamp": "2025-10-21T21:20:53.194Z",
  "engineVersion": "v3.16",
  "strategy": "Example Strategy (Baseline)",
  "seed": "1761081653188",
  "options": {
    "initialCash": 10000,
    "feeBps": 8.240597142807207,
    "slippage": {
      "mode": "dynamic",
      "spreadBps": 15,
      "liquidityFactor": 0.7,
      "volatilityLookback": 10,
      "sizeImpactBps": 0.1,
      "minBps": 2,
      "maxBps": 60
    },
    "slippageBps": null
  },
  "data": {
    "bars": 240,
    "start": 1740010219424,
    "end": 1760659819424,
    "checksum": "none"
  },
  "metrics": {
    "equityFinal": 5060.86177,
    "returnTotal": -0.493913823,
    "cagr": -0.5123185159646664,
    "sharpe": -4.640647913146409,
    "sortino": -3.901093219656735,
    "mdd": 0.5148303341932577,
    "tradesCount": 120
  },
  "digitalSeal": "cf1e193b3e90485bd3b2ae17ffa8719e0ec3855ea1b795bae008ee2e06775a5b"
}