{
  "runId": "omega-1761083108460",
  "timestamp": "2025-10-21T21:45:08.464Z",
  "engineVersion": "v3.18",
  "strategy": "Example Strategy (Baseline)",
  "seed": "1761083108460",
  "options": {
    "initialCash": 10000,
    "feeBps": 12.102547279281723,
    "slippage": {
      "mode": "dynamic",
      "spreadBps": 15,
      "liquidityFactor": 0.7,
      "volatilityLookback": 10,
      "sizeImpactBps": 0.1,
      "minBps": 2,
      "maxBps": 60
    },
    "slippageBps": null
  },
  "data": {
    "bars": 240,
    "start": 1740010219424,
    "end": 1760659819424,
    "checksum": "none"
  },
  "metrics": {
    "equityFinal": 5287.00392,
    "returnTotal": -0.471299608,
    "cagr": -0.4893138386927488,
    "sharpe": -4.347586251157876,
    "mdd": 0.5040953067228802,
    "tradesCount": 120
  },
  "digitalSeal": "9eeba403e7bab605b4a63dd4a75891ae7209f2774d314344d0ce583089e2da09"
}