{
  "runId": "omega-1761088572143",
  "timestamp": "2025-10-21T23:16:12.148Z",
  "engineVersion": "v3.18",
  "strategy": "Example Strategy (Baseline)",
  "seed": "1761088572143",
  "options": {
    "initialCash": 10000,
    "feeBps": 12.166452313948923,
    "slippage": {
      "mode": "dynamic",
      "spreadBps": 15,
      "liquidityFactor": 0.7,
      "volatilityLookback": 10,
      "sizeImpactBps": 0.1,
      "minBps": 2,
      "maxBps": 60
    },
    "slippageBps": null
  },
  "data": {
    "bars": 240,
    "start": 1740010219424,
    "end": 1760659819424,
    "checksum": "none"
  },
  "metrics": {
    "equityFinal": 4919.49804,
    "returnTotal": -0.508050196,
    "cagr": -0.5266707474741246,
    "sharpe": -4.8739652468201715,
    "mdd": 0.5345352885104399,
    "tradesCount": 120
  },
  "digitalSeal": "db7ec29b9866241eb2d7838021f60397c9cc0c26a4ba98f6fd1411140ac6a794"
}