{
  "runId": "omega-1761083108189",
  "timestamp": "2025-10-21T21:45:08.194Z",
  "engineVersion": "v3.18",
  "strategy": "Example Strategy (Baseline)",
  "seed": "1761083108189",
  "options": {
    "initialCash": 10000,
    "feeBps": 11.411753319409424,
    "slippage": {
      "mode": "dynamic",
      "spreadBps": 15,
      "liquidityFactor": 0.7,
      "volatilityLookback": 10,
      "sizeImpactBps": 0.1,
      "minBps": 2,
      "maxBps": 60
    },
    "slippageBps": null
  },
  "data": {
    "bars": 240,
    "start": 1740010219424,
    "end": 1760659819424,
    "checksum": "none"
  },
  "metrics": {
    "equityFinal": 5211.31921,
    "returnTotal": -0.47886807900000006,
    "cagr": -0.497019064386264,
    "sharpe": -4.330183325603076,
    "mdd": 0.5231977040557951,
    "tradesCount": 120
  },
  "digitalSeal": "8aebf20d9a0530f49ceff00a6ca8c765f14d52f9fdd4157e05d97920d67019f5"
}