{
  "runId": "omega-1761081653298",
  "timestamp": "2025-10-21T21:20:53.302Z",
  "engineVersion": "v3.16",
  "strategy": "Example Strategy (Baseline)",
  "seed": "1761081653298",
  "options": {
    "initialCash": 10000,
    "feeBps": 7.689512745870358,
    "slippage": {
      "mode": "dynamic",
      "spreadBps": 15,
      "liquidityFactor": 0.7,
      "volatilityLookback": 10,
      "sizeImpactBps": 0.1,
      "minBps": 2,
      "maxBps": 60
    },
    "slippageBps": null
  },
  "data": {
    "bars": 240,
    "start": 1740010219424,
    "end": 1760659819424,
    "checksum": "none"
  },
  "metrics": {
    "equityFinal": 5294.95754,
    "returnTotal": -0.47050424599999996,
    "cagr": -0.4885037553640842,
    "sharpe": -4.313756818660971,
    "sortino": -3.7368404862093323,
    "mdd": 0.5122753348905175,
    "tradesCount": 120
  },
  "digitalSeal": "bf5befe08fefc8fb517d17069b21106ccfb450def1a28afa73c62869ecf76109"
}