{
  "runId": "omega-1761081986659",
  "timestamp": "2025-10-21T21:26:26.663Z",
  "engineVersion": "v3.16",
  "strategy": "Example Strategy (Baseline)",
  "seed": "1761081986659",
  "options": {
    "initialCash": 10000,
    "feeBps": 8.346543742161996,
    "slippage": {
      "mode": "dynamic",
      "spreadBps": 15,
      "liquidityFactor": 0.7,
      "volatilityLookback": 10,
      "sizeImpactBps": 0.1,
      "minBps": 2,
      "maxBps": 60
    },
    "slippageBps": null
  },
  "data": {
    "bars": 240,
    "start": 1740010219424,
    "end": 1760659819424,
    "checksum": "none"
  },
  "metrics": {
    "equityFinal": 5200.09101,
    "returnTotal": -0.47999089899999997,
    "cagr": -0.4981616563405066,
    "sharpe": -4.662143878325822,
    "sortino": -3.9948225198645666,
    "mdd": 0.5136054590042078,
    "tradesCount": 120
  },
  "digitalSeal": "77b381e2c15194fe417b31499eb5ddec00146bf142003aa3653382d2bf6aab6e"
}