{
  "runId": "omega-1761081986598",
  "timestamp": "2025-10-21T21:26:26.602Z",
  "engineVersion": "v3.16",
  "strategy": "Example Strategy (Baseline)",
  "seed": "1761081986598",
  "options": {
    "initialCash": 10000,
    "feeBps": 12.16918345839666,
    "slippage": {
      "mode": "dynamic",
      "spreadBps": 15,
      "liquidityFactor": 0.7,
      "volatilityLookback": 10,
      "sizeImpactBps": 0.1,
      "minBps": 2,
      "maxBps": 60
    },
    "slippageBps": null
  },
  "data": {
    "bars": 240,
    "start": 1740010219424,
    "end": 1760659819424,
    "checksum": "none"
  },
  "metrics": {
    "equityFinal": 5206.15971,
    "returnTotal": -0.479384029,
    "cagr": -0.4975441164954052,
    "sharpe": -4.335064750550491,
    "sortino": -3.6708478362850316,
    "mdd": 0.5240915497057874,
    "tradesCount": 120
  },
  "digitalSeal": "439d73d1763672870c527bbe8dcee378bd4a49ab9bd60d8480c562b7f65fd4d6"
}