{
  "runId": "omega-1761081653196",
  "timestamp": "2025-10-21T21:20:53.202Z",
  "engineVersion": "v3.16",
  "strategy": "Example Strategy (Baseline)",
  "seed": "1761081653196",
  "options": {
    "initialCash": 10000,
    "feeBps": 12.232967344153334,
    "slippage": {
      "mode": "dynamic",
      "spreadBps": 15,
      "liquidityFactor": 0.7,
      "volatilityLookback": 10,
      "sizeImpactBps": 0.1,
      "minBps": 2,
      "maxBps": 60
    },
    "slippageBps": null
  },
  "data": {
    "bars": 240,
    "start": 1740010219424,
    "end": 1760659819424,
    "checksum": "none"
  },
  "metrics": {
    "equityFinal": 5193.16134,
    "returnTotal": -0.480683866,
    "cagr": -0.4988667589842599,
    "sharpe": -4.39590858681538,
    "sortino": -3.846310680020156,
    "mdd": 0.5235870118857754,
    "tradesCount": 120
  },
  "digitalSeal": "2d68686e61897e1e5c4790fb7c0a3c73da09890a1bdc49e5de839fd4788a7222"
}