{
  "runId": "omega-1761081986633",
  "timestamp": "2025-10-21T21:26:26.638Z",
  "engineVersion": "v3.16",
  "strategy": "Example Strategy (Baseline)",
  "seed": "1761081986633",
  "options": {
    "initialCash": 10000,
    "feeBps": 11.20725730869152,
    "slippage": {
      "mode": "dynamic",
      "spreadBps": 15,
      "liquidityFactor": 0.7,
      "volatilityLookback": 10,
      "sizeImpactBps": 0.1,
      "minBps": 2,
      "maxBps": 60
    },
    "slippageBps": null
  },
  "data": {
    "bars": 240,
    "start": 1740010219424,
    "end": 1760659819424,
    "checksum": "none"
  },
  "metrics": {
    "equityFinal": 4702.8921,
    "returnTotal": -0.52971079,
    "cagr": -0.5486183862454455,
    "sharpe": -5.168159457621412,
    "sortino": -4.22293150876202,
    "mdd": 0.5553039702682714,
    "tradesCount": 120
  },
  "digitalSeal": "73e8eb82919a6694cbcd701e04bcbfc850519e3ccb8cebc61b00582bc9b64d97"
}