{
  "runId": "omega-1761081653723",
  "timestamp": "2025-10-21T21:20:53.727Z",
  "engineVersion": "v3.16",
  "strategy": "Example Strategy (Baseline)",
  "seed": "1761081653723",
  "options": {
    "initialCash": 10000,
    "feeBps": 9.645631089578455,
    "slippage": {
      "mode": "dynamic",
      "spreadBps": 15,
      "liquidityFactor": 0.7,
      "volatilityLookback": 10,
      "sizeImpactBps": 0.1,
      "minBps": 2,
      "maxBps": 60
    },
    "slippageBps": null
  },
  "data": {
    "bars": 240,
    "start": 1740010219424,
    "end": 1760659819424,
    "checksum": "none"
  },
  "metrics": {
    "equityFinal": 4956.10061,
    "returnTotal": -0.504389939,
    "cagr": -0.5229567257548127,
    "sharpe": -4.860963590336671,
    "sortino": -4.042654398883959,
    "mdd": 0.5363138978655957,
    "tradesCount": 120
  },
  "digitalSeal": "0a3f509d7857eef763f237c5353e014bd508acfb9c52213ffb6cb8c07db3083d"
}