{
  "runId": "omega-1761082299576",
  "timestamp": "2025-10-21T21:31:39.592Z",
  "engineVersion": "v3.17",
  "strategy": "Example Strategy (Baseline)",
  "seed": "1761082299576",
  "options": {
    "initialCash": 10000,
    "feeBps": 7.692308269630419,
    "slippage": {
      "mode": "dynamic",
      "spreadBps": 15,
      "liquidityFactor": 0.7,
      "volatilityLookback": 10,
      "sizeImpactBps": 0.1,
      "minBps": 2,
      "maxBps": 60
    },
    "slippageBps": null
  },
  "data": {
    "bars": 240,
    "start": 1740010219424,
    "end": 1760659819424,
    "checksum": "none"
  },
  "metrics": {
    "equityFinal": 5152.61899,
    "returnTotal": -0.48473810100000003,
    "cagr": -0.502990966476311,
    "sharpe": -4.676592756634262,
    "mdd": 0.5201593762035286,
    "tradesCount": 120
  },
  "digitalSeal": "b4c96037077cb40373ec9ee3bb82b70e182b1ceadd3ea8d1eec744b89492057a"
}