{
  "runId": "omega-1761088572321",
  "timestamp": "2025-10-21T23:16:12.324Z",
  "engineVersion": "v3.18",
  "strategy": "Example Strategy (Baseline)",
  "seed": "1761088572321",
  "options": {
    "initialCash": 10000,
    "feeBps": 7.642334775816675,
    "slippage": {
      "mode": "dynamic",
      "spreadBps": 15,
      "liquidityFactor": 0.7,
      "volatilityLookback": 10,
      "sizeImpactBps": 0.1,
      "minBps": 2,
      "maxBps": 60
    },
    "slippageBps": null
  },
  "data": {
    "bars": 240,
    "start": 1740010219424,
    "end": 1760659819424,
    "checksum": "none"
  },
  "metrics": {
    "equityFinal": 5543.10725,
    "returnTotal": -0.445689275,
    "cagr": -0.4631967018082277,
    "sharpe": -3.9944377921332497,
    "mdd": 0.4852048042359386,
    "tradesCount": 120
  },
  "digitalSeal": "433745c6e8d4b3df8c768bf82f28535e1d1a2d068375e1c127d757db211e4838"
}