{
  "runId": "omega-1761081653334",
  "timestamp": "2025-10-21T21:20:53.338Z",
  "engineVersion": "v3.16",
  "strategy": "Example Strategy (Baseline)",
  "seed": "1761081653334",
  "options": {
    "initialCash": 10000,
    "feeBps": 11.98252254627922,
    "slippage": {
      "mode": "dynamic",
      "spreadBps": 15,
      "liquidityFactor": 0.7,
      "volatilityLookback": 10,
      "sizeImpactBps": 0.1,
      "minBps": 2,
      "maxBps": 60
    },
    "slippageBps": null
  },
  "data": {
    "bars": 240,
    "start": 1740010219424,
    "end": 1760659819424,
    "checksum": "none"
  },
  "metrics": {
    "equityFinal": 4959.92039,
    "returnTotal": -0.504007961,
    "cagr": -0.5225690507915668,
    "sharpe": -4.5857400883643376,
    "sortino": -3.9265988376866883,
    "mdd": 0.5339416324219156,
    "tradesCount": 120
  },
  "digitalSeal": "3c26e975dfc9b61a9f8f19dffb97cb15baf30d7d718b56eeab0ab882f458400a"
}