{
  "runId": "omega-1761082299611",
  "timestamp": "2025-10-21T21:31:39.627Z",
  "engineVersion": "v3.17",
  "strategy": "Example Strategy (Baseline)",
  "seed": "1761082299611",
  "options": {
    "initialCash": 10000,
    "feeBps": 8.502002267793985,
    "slippage": {
      "mode": "dynamic",
      "spreadBps": 15,
      "liquidityFactor": 0.7,
      "volatilityLookback": 10,
      "sizeImpactBps": 0.1,
      "minBps": 2,
      "maxBps": 60
    },
    "slippageBps": null
  },
  "data": {
    "bars": 240,
    "start": 1740010219424,
    "end": 1760659819424,
    "checksum": "none"
  },
  "metrics": {
    "equityFinal": 5053.09403,
    "returnTotal": -0.49469059699999995,
    "cagr": -0.5131077230469527,
    "sharpe": -4.799836388797655,
    "mdd": 0.5283833850741134,
    "tradesCount": 120
  },
  "digitalSeal": "1be2fb11b61d74e29780b35c699b6ddde1fcb7d6663fa1f7d81f4214948ec42b"
}