{
  "runId": "omega-1761081986608",
  "timestamp": "2025-10-21T21:26:26.612Z",
  "engineVersion": "v3.16",
  "strategy": "Example Strategy (Baseline)",
  "seed": "1761081986608",
  "options": {
    "initialCash": 10000,
    "feeBps": 8.17442740719261,
    "slippage": {
      "mode": "dynamic",
      "spreadBps": 15,
      "liquidityFactor": 0.7,
      "volatilityLookback": 10,
      "sizeImpactBps": 0.1,
      "minBps": 2,
      "maxBps": 60
    },
    "slippageBps": null
  },
  "data": {
    "bars": 240,
    "start": 1740010219424,
    "end": 1760659819424,
    "checksum": "none"
  },
  "metrics": {
    "equityFinal": 5156.38396,
    "returnTotal": -0.484361604,
    "cagr": -0.5026080456028562,
    "sharpe": -4.372655546508405,
    "sortino": -3.8772649878330494,
    "mdd": 0.5236487047769278,
    "tradesCount": 120
  },
  "digitalSeal": "b6f16e798a4e6113c312d85bcfaaa80bb2fd49273ce9c1f39de29601325690a0"
}