{
  "runId": "omega-1761081986567",
  "timestamp": "2025-10-21T21:26:26.571Z",
  "engineVersion": "v3.16",
  "strategy": "Example Strategy (Baseline)",
  "seed": "1761081986567",
  "options": {
    "initialCash": 10000,
    "feeBps": 9.790702058612837,
    "slippage": {
      "mode": "dynamic",
      "spreadBps": 15,
      "liquidityFactor": 0.7,
      "volatilityLookback": 10,
      "sizeImpactBps": 0.1,
      "minBps": 2,
      "maxBps": 60
    },
    "slippageBps": null
  },
  "data": {
    "bars": 240,
    "start": 1740010219424,
    "end": 1760659819424,
    "checksum": "none"
  },
  "metrics": {
    "equityFinal": 5113.45431,
    "returnTotal": -0.488654569,
    "cagr": -0.5069733535762355,
    "sharpe": -4.637022103977603,
    "sortino": -4.013264019698115,
    "mdd": 0.5204669324553536,
    "tradesCount": 120
  },
  "digitalSeal": "6b5f93f1bdc2c83347690f249bd6c303a9d6e40e86c24ae38142fd500bb77f16"
}