{
  "runId": "omega-1761083161549",
  "timestamp": "2025-10-21T21:46:01.557Z",
  "engineVersion": "v3.18",
  "strategy": "Example Strategy (Baseline)",
  "seed": "1761083161549",
  "options": {
    "initialCash": 10000,
    "feeBps": 11.634639066392136,
    "slippage": {
      "mode": "dynamic",
      "spreadBps": 15,
      "liquidityFactor": 0.7,
      "volatilityLookback": 10,
      "sizeImpactBps": 0.1,
      "minBps": 2,
      "maxBps": 60
    },
    "slippageBps": null
  },
  "data": {
    "bars": 240,
    "start": 1740010219424,
    "end": 1760659819424,
    "checksum": "none"
  },
  "metrics": {
    "equityFinal": 5058.18077,
    "returnTotal": -0.494181923,
    "cagr": -0.5125909146374295,
    "sharpe": -4.72448310985349,
    "mdd": 0.5206393666578335,
    "tradesCount": 120
  },
  "digitalSeal": "049c82d8167c67ee1e888c628fcfd407db6917a401c9a204c4f70b7927eda49b"
}