{
  "runId": "omega-1761081986744",
  "timestamp": "2025-10-21T21:26:26.748Z",
  "engineVersion": "v3.16",
  "strategy": "Example Strategy (Baseline)",
  "seed": "1761081986744",
  "options": {
    "initialCash": 10000,
    "feeBps": 7.742981689422611,
    "slippage": {
      "mode": "dynamic",
      "spreadBps": 15,
      "liquidityFactor": 0.7,
      "volatilityLookback": 10,
      "sizeImpactBps": 0.1,
      "minBps": 2,
      "maxBps": 60
    },
    "slippageBps": null
  },
  "data": {
    "bars": 240,
    "start": 1740010219424,
    "end": 1760659819424,
    "checksum": "none"
  },
  "metrics": {
    "equityFinal": 5222.34844,
    "returnTotal": -0.477765156,
    "cagr": -0.49589658942543013,
    "sharpe": -4.472657143578041,
    "sortino": -3.7683099892107577,
    "mdd": 0.5148293574858459,
    "tradesCount": 120
  },
  "digitalSeal": "96ef78b072bb13606577cc2673fc27d58db563d61a5bcfdb4b0edd27c8723010"
}