{
  "runId": "omega-1761081986531",
  "timestamp": "2025-10-21T21:26:26.536Z",
  "engineVersion": "v3.16",
  "strategy": "Example Strategy (Baseline)",
  "seed": "1761081986531",
  "options": {
    "initialCash": 10000,
    "feeBps": 10.846116452700304,
    "slippage": {
      "mode": "dynamic",
      "spreadBps": 15,
      "liquidityFactor": 0.7,
      "volatilityLookback": 10,
      "sizeImpactBps": 0.1,
      "minBps": 2,
      "maxBps": 60
    },
    "slippageBps": null
  },
  "data": {
    "bars": 240,
    "start": 1740010219424,
    "end": 1760659819424,
    "checksum": "none"
  },
  "metrics": {
    "equityFinal": 5109.53243,
    "returnTotal": -0.489046757,
    "cagr": -0.5073720514246894,
    "sharpe": -4.909092976571279,
    "sortino": -4.179861609425481,
    "mdd": 0.5221113858157622,
    "tradesCount": 120
  },
  "digitalSeal": "8a58e8564de70c6d882bfeffcbb3ad82654cc1054b1f7f56a9271a6f7118d545"
}