{
  "runId": "omega-1761082299008",
  "timestamp": "2025-10-21T21:31:39.018Z",
  "engineVersion": "v3.17",
  "strategy": "Example Strategy (Baseline)",
  "seed": "1761082299008",
  "options": {
    "initialCash": 10000,
    "feeBps": 7.916472948823224,
    "slippage": {
      "mode": "dynamic",
      "spreadBps": 15,
      "liquidityFactor": 0.7,
      "volatilityLookback": 10,
      "sizeImpactBps": 0.1,
      "minBps": 2,
      "maxBps": 60
    },
    "slippageBps": null
  },
  "data": {
    "bars": 240,
    "start": 1740010219424,
    "end": 1760659819424,
    "checksum": "none"
  },
  "metrics": {
    "equityFinal": 4953.07815,
    "returnTotal": -0.504692185,
    "cagr": -0.5232634680482693,
    "sharpe": -4.628676049265129,
    "mdd": 0.5303616978198861,
    "tradesCount": 120
  },
  "digitalSeal": "0c31b04de13be6fe5cf0a8597b64acdf44997c51de1c356b0a05488aa42a1506"
}