{
  "runId": "omega-1761088572493",
  "timestamp": "2025-10-21T23:16:12.497Z",
  "engineVersion": "v3.18",
  "strategy": "Example Strategy (Baseline)",
  "seed": "1761088572493",
  "options": {
    "initialCash": 10000,
    "feeBps": 8.414312133592682,
    "slippage": {
      "mode": "dynamic",
      "spreadBps": 15,
      "liquidityFactor": 0.7,
      "volatilityLookback": 10,
      "sizeImpactBps": 0.1,
      "minBps": 2,
      "maxBps": 60
    },
    "slippageBps": null
  },
  "data": {
    "bars": 240,
    "start": 1740010219424,
    "end": 1760659819424,
    "checksum": "none"
  },
  "metrics": {
    "equityFinal": 5274.739,
    "returnTotal": -0.47252610000000006,
    "cagr": -0.49056290184125906,
    "sharpe": -4.457008408338255,
    "mdd": 0.5092659105496921,
    "tradesCount": 120
  },
  "digitalSeal": "d47b486dc8b0d4cff4a2674fbbb9408f331fab3ca5f9fa5c09a1e83901d6f016"
}