{
  "runId": "omega-1761082298982",
  "timestamp": "2025-10-21T21:31:38.992Z",
  "engineVersion": "v3.17",
  "strategy": "Example Strategy (Baseline)",
  "seed": "1761082298982",
  "options": {
    "initialCash": 10000,
    "feeBps": 9.64541098534048,
    "slippage": {
      "mode": "dynamic",
      "spreadBps": 15,
      "liquidityFactor": 0.7,
      "volatilityLookback": 10,
      "sizeImpactBps": 0.1,
      "minBps": 2,
      "maxBps": 60
    },
    "slippageBps": null
  },
  "data": {
    "bars": 240,
    "start": 1740010219424,
    "end": 1760659819424,
    "checksum": "none"
  },
  "metrics": {
    "equityFinal": 4968.44963,
    "returnTotal": -0.503155037,
    "cagr": -0.5217033473636603,
    "sharpe": -4.617764084100754,
    "mdd": 0.5376737885528368,
    "tradesCount": 120
  },
  "digitalSeal": "39fac769a57209196b415f6368d8fa3f2e2b7758887ac1a8116e0cfb11b5fdc7"
}