{
  "runId": "omega-1761081653558",
  "timestamp": "2025-10-21T21:20:53.561Z",
  "engineVersion": "v3.16",
  "strategy": "Example Strategy (Baseline)",
  "seed": "1761081653558",
  "options": {
    "initialCash": 10000,
    "feeBps": 10.381166262245634,
    "slippage": {
      "mode": "dynamic",
      "spreadBps": 15,
      "liquidityFactor": 0.7,
      "volatilityLookback": 10,
      "sizeImpactBps": 0.1,
      "minBps": 2,
      "maxBps": 60
    },
    "slippageBps": null
  },
  "data": {
    "bars": 240,
    "start": 1740010219424,
    "end": 1760659819424,
    "checksum": "none"
  },
  "metrics": {
    "equityFinal": 5004.81883,
    "returnTotal": -0.499518117,
    "cagr": -0.5180110294249218,
    "sharpe": -4.609920621432705,
    "sortino": -3.8856393503948423,
    "mdd": 0.536779255638614,
    "tradesCount": 120
  },
  "digitalSeal": "99389acdf67997234249d0768f76d3db2855abd0e76429a4fb0af8808e655fb9"
}