{
  "runId": "omega-1761083160678",
  "timestamp": "2025-10-21T21:46:00.689Z",
  "engineVersion": "v3.18",
  "strategy": "Example Strategy (Baseline)",
  "seed": "1761083160678",
  "options": {
    "initialCash": 10000,
    "feeBps": 10.876248574086578,
    "slippage": {
      "mode": "dynamic",
      "spreadBps": 15,
      "liquidityFactor": 0.7,
      "volatilityLookback": 10,
      "sizeImpactBps": 0.1,
      "minBps": 2,
      "maxBps": 60
    },
    "slippageBps": null
  },
  "data": {
    "bars": 240,
    "start": 1740010219424,
    "end": 1760659819424,
    "checksum": "none"
  },
  "metrics": {
    "equityFinal": 5149.69367,
    "returnTotal": -0.48503063300000004,
    "cagr": -0.5032884792150922,
    "sharpe": -4.519627714944535,
    "mdd": 0.5116429938583811,
    "tradesCount": 120
  },
  "digitalSeal": "5b23370915dcea3728fe413dfc89666dbb10d4266442ea19ad5b320d7bd9b58f"
}