{
  "runId": "omega-1761081986770",
  "timestamp": "2025-10-21T21:26:26.774Z",
  "engineVersion": "v3.16",
  "strategy": "Example Strategy (Baseline)",
  "seed": "1761081986770",
  "options": {
    "initialCash": 10000,
    "feeBps": 9.114486178680338,
    "slippage": {
      "mode": "dynamic",
      "spreadBps": 15,
      "liquidityFactor": 0.7,
      "volatilityLookback": 10,
      "sizeImpactBps": 0.1,
      "minBps": 2,
      "maxBps": 60
    },
    "slippageBps": null
  },
  "data": {
    "bars": 240,
    "start": 1740010219424,
    "end": 1760659819424,
    "checksum": "none"
  },
  "metrics": {
    "equityFinal": 5220.95997,
    "returnTotal": -0.477904003,
    "cagr": -0.49603790492254296,
    "sharpe": -4.414129482307505,
    "sortino": -3.715373386361092,
    "mdd": 0.5233884733502158,
    "tradesCount": 120
  },
  "digitalSeal": "d2c051260c2e89cb4097d0ac7e7cb3f1d293e25c0e4a603cc53de700088bca8a"
}