{
  "runId": "omega-1761081653485",
  "timestamp": "2025-10-21T21:20:53.489Z",
  "engineVersion": "v3.16",
  "strategy": "Example Strategy (Baseline)",
  "seed": "1761081653485",
  "options": {
    "initialCash": 10000,
    "feeBps": 10.03715771559045,
    "slippage": {
      "mode": "dynamic",
      "spreadBps": 15,
      "liquidityFactor": 0.7,
      "volatilityLookback": 10,
      "sizeImpactBps": 0.1,
      "minBps": 2,
      "maxBps": 60
    },
    "slippageBps": null
  },
  "data": {
    "bars": 240,
    "start": 1740010219424,
    "end": 1760659819424,
    "checksum": "none"
  },
  "metrics": {
    "equityFinal": 5204.3633,
    "returnTotal": -0.47956367,
    "cagr": -0.4977269199828894,
    "sharpe": -4.662626696588033,
    "sortino": -3.9500741390208174,
    "mdd": 0.5165282162957382,
    "tradesCount": 120
  },
  "digitalSeal": "0327c0b0eb18ce630828ed357fc58c5c85d18865a2694da11739d891b1135bd0"
}