{
  "runId": "omega-1761031877986",
  "timestamp": "2025-10-21T07:31:17.989Z",
  "engineVersion": "v3.15",
  "strategy": "OmegaDecimalTest",
  "seed": 1761027337991,
  "options": {
    "initialCash": 10000,
    "feeBps": 1,
    "slippageBps": 0,
    "seed": 1761027337991,
    "validateData": true
  },
  "data": {
    "bars": 4,
    "start": 0,
    "end": 3,
    "checksum": "190f54e4c512d7f82769fd19d28dfeaadde87c2e1a387c13076ad0f7961f6645"
  },
  "metrics": {
    "equityFinal": 10007.98901,
    "returnTotal": 0.0007989009999999325,
    "cagr": 0.06938197919840783,
    "sharpe": 7.684551563818295,
    "sortino": 42.278624375912486,
    "mdd": 0.0001,
    "tradesCount": 2
  },
  "digitalSeal": "cb646cc275796ad3b65626f525d17fd998cb7aa37a94ce931be3079ebe72b942"
}