{
  "runId": "omega-1761081653269",
  "timestamp": "2025-10-21T21:20:53.273Z",
  "engineVersion": "v3.16",
  "strategy": "Example Strategy (Baseline)",
  "seed": "1761081653269",
  "options": {
    "initialCash": 10000,
    "feeBps": 10.582334987040827,
    "slippage": {
      "mode": "dynamic",
      "spreadBps": 15,
      "liquidityFactor": 0.7,
      "volatilityLookback": 10,
      "sizeImpactBps": 0.1,
      "minBps": 2,
      "maxBps": 60
    },
    "slippageBps": null
  },
  "data": {
    "bars": 240,
    "start": 1740010219424,
    "end": 1760659819424,
    "checksum": "none"
  },
  "metrics": {
    "equityFinal": 5145.19512,
    "returnTotal": -0.485480488,
    "cagr": -0.5037459756438571,
    "sharpe": -4.660606233860228,
    "sortino": -3.8457981739893685,
    "mdd": 0.5101187583667596,
    "tradesCount": 120
  },
  "digitalSeal": "6087aecfceb479c233467b1201c098dd4ba8294f3e7d6e610c578bf5dd15bd77"
}