{
  "runId": "omega-1761088572423",
  "timestamp": "2025-10-21T23:16:12.426Z",
  "engineVersion": "v3.18",
  "strategy": "Example Strategy (Baseline)",
  "seed": "1761088572423",
  "options": {
    "initialCash": 10000,
    "feeBps": 8.669009317900144,
    "slippage": {
      "mode": "dynamic",
      "spreadBps": 15,
      "liquidityFactor": 0.7,
      "volatilityLookback": 10,
      "sizeImpactBps": 0.1,
      "minBps": 2,
      "maxBps": 60
    },
    "slippageBps": null
  },
  "data": {
    "bars": 240,
    "start": 1740010219424,
    "end": 1760659819424,
    "checksum": "none"
  },
  "metrics": {
    "equityFinal": 5208.12373,
    "returnTotal": -0.47918762699999995,
    "cagr": -0.4973442530130413,
    "sharpe": -4.496311479604546,
    "mdd": 0.5086500248455538,
    "tradesCount": 120
  },
  "digitalSeal": "515ffca79407a44775b130b4cd3f21f59e08ac79f86f83b8b3fbde8d594599b5"
}