{
  "runId": "omega-1761081653613",
  "timestamp": "2025-10-21T21:20:53.617Z",
  "engineVersion": "v3.16",
  "strategy": "Example Strategy (Baseline)",
  "seed": "1761081653613",
  "options": {
    "initialCash": 10000,
    "feeBps": 7.654345140864481,
    "slippage": {
      "mode": "dynamic",
      "spreadBps": 15,
      "liquidityFactor": 0.7,
      "volatilityLookback": 10,
      "sizeImpactBps": 0.1,
      "minBps": 2,
      "maxBps": 60
    },
    "slippageBps": null
  },
  "data": {
    "bars": 240,
    "start": 1740010219424,
    "end": 1760659819424,
    "checksum": "none"
  },
  "metrics": {
    "equityFinal": 5167.93364,
    "returnTotal": -0.48320663599999997,
    "cagr": -0.5014332764472185,
    "sharpe": -4.523886147034416,
    "sortino": -3.878537131984037,
    "mdd": 0.513735444649193,
    "tradesCount": 120
  },
  "digitalSeal": "edc56b7f4734ba7fc35718c36318fea098bd262d877df1bfd4d9130b06b91ab9"
}