{
  "runId": "omega-1761082300664",
  "timestamp": "2025-10-21T21:31:40.686Z",
  "engineVersion": "v3.17",
  "strategy": "Example Strategy (Baseline)",
  "seed": "1761082300664",
  "options": {
    "initialCash": 10000,
    "feeBps": 9.142897932932595,
    "slippage": {
      "mode": "dynamic",
      "spreadBps": 15,
      "liquidityFactor": 0.7,
      "volatilityLookback": 10,
      "sizeImpactBps": 0.1,
      "minBps": 2,
      "maxBps": 60
    },
    "slippageBps": null
  },
  "data": {
    "bars": 240,
    "start": 1740010219424,
    "end": 1760659819424,
    "checksum": "none"
  },
  "metrics": {
    "equityFinal": 5261.99541,
    "returnTotal": -0.47380045899999995,
    "cagr": -0.49186054554705305,
    "sharpe": -4.447460391967343,
    "mdd": 0.5080873353284013,
    "tradesCount": 120
  },
  "digitalSeal": "a75ca81a3823048ea9aab6346d09e62fd1568314a0d502e142eed8907aa00295"
}