{
  "runId": "omega-1761082299057",
  "timestamp": "2025-10-21T21:31:39.068Z",
  "engineVersion": "v3.17",
  "strategy": "Example Strategy (Baseline)",
  "seed": "1761082299057",
  "options": {
    "initialCash": 10000,
    "feeBps": 10.360241215411467,
    "slippage": {
      "mode": "dynamic",
      "spreadBps": 15,
      "liquidityFactor": 0.7,
      "volatilityLookback": 10,
      "sizeImpactBps": 0.1,
      "minBps": 2,
      "maxBps": 60
    },
    "slippageBps": null
  },
  "data": {
    "bars": 240,
    "start": 1740010219424,
    "end": 1760659819424,
    "checksum": "none"
  },
  "metrics": {
    "equityFinal": 5097.48598,
    "returnTotal": -0.49025140199999995,
    "cagr": -0.5085965879423335,
    "sharpe": -4.587817981324575,
    "mdd": 0.5224185811045741,
    "tradesCount": 120
  },
  "digitalSeal": "af1c46f92ce749c8a31dbd226d96e4f23bf2dc6d02c0f342a98ce97dffa5c61f"
}