{
  "runId": "omega-1761083161362",
  "timestamp": "2025-10-21T21:46:01.369Z",
  "engineVersion": "v3.18",
  "strategy": "Example Strategy (Baseline)",
  "seed": "1761083161362",
  "options": {
    "initialCash": 10000,
    "feeBps": 9.027139428790434,
    "slippage": {
      "mode": "dynamic",
      "spreadBps": 15,
      "liquidityFactor": 0.7,
      "volatilityLookback": 10,
      "sizeImpactBps": 0.1,
      "minBps": 2,
      "maxBps": 60
    },
    "slippageBps": null
  },
  "data": {
    "bars": 240,
    "start": 1740010219424,
    "end": 1760659819424,
    "checksum": "none"
  },
  "metrics": {
    "equityFinal": 5108.33553,
    "returnTotal": -0.48916644699999995,
    "cagr": -0.5074937248199742,
    "sharpe": -4.430657050804555,
    "mdd": 0.5228885785911846,
    "tradesCount": 120
  },
  "digitalSeal": "e4a9aaef8a2123bc6d43d180bd1747b232c80a2c04f2692ddaa3e73543b27ec9"
}