{
  "runId": "omega-1761081653697",
  "timestamp": "2025-10-21T21:20:53.702Z",
  "engineVersion": "v3.16",
  "strategy": "Example Strategy (Baseline)",
  "seed": "1761081653697",
  "options": {
    "initialCash": 10000,
    "feeBps": 12.405434872693213,
    "slippage": {
      "mode": "dynamic",
      "spreadBps": 15,
      "liquidityFactor": 0.7,
      "volatilityLookback": 10,
      "sizeImpactBps": 0.1,
      "minBps": 2,
      "maxBps": 60
    },
    "slippageBps": null
  },
  "data": {
    "bars": 240,
    "start": 1740010219424,
    "end": 1760659819424,
    "checksum": "none"
  },
  "metrics": {
    "equityFinal": 5234.44208,
    "returnTotal": -0.47655579200000003,
    "cagr": -0.4946656383321518,
    "sharpe": -4.43761223586335,
    "sortino": -3.7708382243698746,
    "mdd": 0.5042232813368913,
    "tradesCount": 120
  },
  "digitalSeal": "e0dc5aa8b485dd2465bc05939841d710c4c0a406329c2cb4ea6b26fb1df9d47f"
}