{
  "runId": "omega-1761088572068",
  "timestamp": "2025-10-21T23:16:12.073Z",
  "engineVersion": "v3.18",
  "strategy": "Example Strategy (Baseline)",
  "seed": "1761088572068",
  "options": {
    "initialCash": 10000,
    "feeBps": 9.271963855576509,
    "slippage": {
      "mode": "dynamic",
      "spreadBps": 15,
      "liquidityFactor": 0.7,
      "volatilityLookback": 10,
      "sizeImpactBps": 0.1,
      "minBps": 2,
      "maxBps": 60
    },
    "slippageBps": null
  },
  "data": {
    "bars": 240,
    "start": 1740010219424,
    "end": 1760659819424,
    "checksum": "none"
  },
  "metrics": {
    "equityFinal": 5021.24846,
    "returnTotal": -0.49787515400000004,
    "cagr": -0.5163425613760739,
    "sharpe": -4.779523367913987,
    "mdd": 0.5286293098275825,
    "tradesCount": 120
  },
  "digitalSeal": "f46ddfdf6ab5b0662201dfe0c9f9578b1e546944820ea86ece8f5877d4db4598"
}