{
  "runId": "omega-1761082298958",
  "timestamp": "2025-10-21T21:31:38.968Z",
  "engineVersion": "v3.17",
  "strategy": "Example Strategy (Baseline)",
  "seed": "1761082298958",
  "options": {
    "initialCash": 10000,
    "feeBps": 8.668194395737546,
    "slippage": {
      "mode": "dynamic",
      "spreadBps": 15,
      "liquidityFactor": 0.7,
      "volatilityLookback": 10,
      "sizeImpactBps": 0.1,
      "minBps": 2,
      "maxBps": 60
    },
    "slippageBps": null
  },
  "data": {
    "bars": 240,
    "start": 1740010219424,
    "end": 1760659819424,
    "checksum": "none"
  },
  "metrics": {
    "equityFinal": 4830.53259,
    "returnTotal": -0.516946741,
    "cagr": -0.5356916853519931,
    "sharpe": -4.907688726699498,
    "mdd": 0.5436883756701134,
    "tradesCount": 120
  },
  "digitalSeal": "73ca94289e30fd3919abc751ba3088fefa5182f80742ab75f8e125ac08bd1383"
}