{
  "runId": "omega-1761083160568",
  "timestamp": "2025-10-21T21:46:00.580Z",
  "engineVersion": "v3.18",
  "strategy": "Example Strategy (Baseline)",
  "seed": "1761083160567",
  "options": {
    "initialCash": 10000,
    "feeBps": 12.232967344153334,
    "slippage": {
      "mode": "dynamic",
      "spreadBps": 15,
      "liquidityFactor": 0.7,
      "volatilityLookback": 10,
      "sizeImpactBps": 0.1,
      "minBps": 2,
      "maxBps": 60
    },
    "slippageBps": null
  },
  "data": {
    "bars": 240,
    "start": 1740010219424,
    "end": 1760659819424,
    "checksum": "none"
  },
  "metrics": {
    "equityFinal": 5193.16134,
    "returnTotal": -0.480683866,
    "cagr": -0.4988667589842599,
    "sharpe": -4.39590858681538,
    "mdd": 0.5235870118857754,
    "tradesCount": 120
  },
  "digitalSeal": "1f7c9c02e5de277df823874ef560f84aa4781aa2dd60065a9805ebe0a291ed50"
}