{
  "runId": "omega-1761088572465",
  "timestamp": "2025-10-21T23:16:12.468Z",
  "engineVersion": "v3.18",
  "strategy": "Example Strategy (Baseline)",
  "seed": "1761088572465",
  "options": {
    "initialCash": 10000,
    "feeBps": 8.247938049868422,
    "slippage": {
      "mode": "dynamic",
      "spreadBps": 15,
      "liquidityFactor": 0.7,
      "volatilityLookback": 10,
      "sizeImpactBps": 0.1,
      "minBps": 2,
      "maxBps": 60
    },
    "slippageBps": null
  },
  "data": {
    "bars": 240,
    "start": 1740010219424,
    "end": 1760659819424,
    "checksum": "none"
  },
  "metrics": {
    "equityFinal": 5015.99407,
    "returnTotal": -0.498400593,
    "cagr": -0.5168761895370895,
    "sharpe": -4.658374674130581,
    "mdd": 0.5265395828202644,
    "tradesCount": 120
  },
  "digitalSeal": "3e6049c080004f1144968da731983ebf47d58e6708f7c3a1b1bd77c2dd398373"
}