{
  "runId": "omega-1761081986415",
  "timestamp": "2025-10-21T21:26:26.420Z",
  "engineVersion": "v3.16",
  "strategy": "Example Strategy (Baseline)",
  "seed": "1761081986415",
  "options": {
    "initialCash": 10000,
    "feeBps": 12.386517148414276,
    "slippage": {
      "mode": "dynamic",
      "spreadBps": 15,
      "liquidityFactor": 0.7,
      "volatilityLookback": 10,
      "sizeImpactBps": 0.1,
      "minBps": 2,
      "maxBps": 60
    },
    "slippageBps": null
  },
  "data": {
    "bars": 240,
    "start": 1740010219424,
    "end": 1760659819424,
    "checksum": "none"
  },
  "metrics": {
    "equityFinal": 4785.53971,
    "returnTotal": -0.521446029,
    "cagr": -0.5402504537068913,
    "sharpe": -4.94286707990971,
    "sortino": -4.019390745198721,
    "mdd": 0.5524818830167403,
    "tradesCount": 120
  },
  "digitalSeal": "daf9bd2a47eb62ccc181dc438f0e552a28027d3f8349f4c900b9aee061c07d03"
}