{
  "runId": "omega-1761083160937",
  "timestamp": "2025-10-21T21:46:00.945Z",
  "engineVersion": "v3.18",
  "strategy": "Example Strategy (Baseline)",
  "seed": "1761083160937",
  "options": {
    "initialCash": 10000,
    "feeBps": 12.16918345839666,
    "slippage": {
      "mode": "dynamic",
      "spreadBps": 15,
      "liquidityFactor": 0.7,
      "volatilityLookback": 10,
      "sizeImpactBps": 0.1,
      "minBps": 2,
      "maxBps": 60
    },
    "slippageBps": null
  },
  "data": {
    "bars": 240,
    "start": 1740010219424,
    "end": 1760659819424,
    "checksum": "none"
  },
  "metrics": {
    "equityFinal": 5206.15971,
    "returnTotal": -0.479384029,
    "cagr": -0.4975441164954052,
    "sharpe": -4.335064750550491,
    "mdd": 0.5240915497057874,
    "tradesCount": 120
  },
  "digitalSeal": "b526ca0aac7d65b5d3989d05d7c82965e894ce756cede2a360f70d04baad7e6b"
}