{
  "runId": "omega-1761081653363",
  "timestamp": "2025-10-21T21:20:53.367Z",
  "engineVersion": "v3.16",
  "strategy": "Example Strategy (Baseline)",
  "seed": "1761081653363",
  "options": {
    "initialCash": 10000,
    "feeBps": 7.619408648237444,
    "slippage": {
      "mode": "dynamic",
      "spreadBps": 15,
      "liquidityFactor": 0.7,
      "volatilityLookback": 10,
      "sizeImpactBps": 0.1,
      "minBps": 2,
      "maxBps": 60
    },
    "slippageBps": null
  },
  "data": {
    "bars": 240,
    "start": 1740010219424,
    "end": 1760659819424,
    "checksum": "none"
  },
  "metrics": {
    "equityFinal": 5216.16369,
    "returnTotal": -0.478383631,
    "cagr": -0.49652604427861746,
    "sharpe": -4.567126540187086,
    "sortino": -3.857968679379273,
    "mdd": 0.5185523897784496,
    "tradesCount": 120
  },
  "digitalSeal": "71dbd77173073b25dd448178db672aef8569ff5b19b373b9ac5c36d760787805"
}