{
  "runId": "omega-1761083108319",
  "timestamp": "2025-10-21T21:45:08.322Z",
  "engineVersion": "v3.18",
  "strategy": "Example Strategy (Baseline)",
  "seed": "1761083108319",
  "options": {
    "initialCash": 10000,
    "feeBps": 12.146448324028254,
    "slippage": {
      "mode": "dynamic",
      "spreadBps": 15,
      "liquidityFactor": 0.7,
      "volatilityLookback": 10,
      "sizeImpactBps": 0.1,
      "minBps": 2,
      "maxBps": 60
    },
    "slippageBps": null
  },
  "data": {
    "bars": 240,
    "start": 1740010219424,
    "end": 1760659819424,
    "checksum": "none"
  },
  "metrics": {
    "equityFinal": 5007.28253,
    "returnTotal": -0.49927174699999993,
    "cagr": -0.5177608537869047,
    "sharpe": -4.599169224322252,
    "mdd": 0.5407442331888606,
    "tradesCount": 120
  },
  "digitalSeal": "386babe54c7972c5a9893fc05542d8627839c41cca31c7ca874f0b62698e4b07"
}