{
  "runId": "omega-1761081986471",
  "timestamp": "2025-10-21T21:26:26.474Z",
  "engineVersion": "v3.16",
  "strategy": "Example Strategy (Baseline)",
  "seed": "1761081986470",
  "options": {
    "initialCash": 10000,
    "feeBps": 7.916472948823224,
    "slippage": {
      "mode": "dynamic",
      "spreadBps": 15,
      "liquidityFactor": 0.7,
      "volatilityLookback": 10,
      "sizeImpactBps": 0.1,
      "minBps": 2,
      "maxBps": 60
    },
    "slippageBps": null
  },
  "data": {
    "bars": 240,
    "start": 1740010219424,
    "end": 1760659819424,
    "checksum": "none"
  },
  "metrics": {
    "equityFinal": 4953.07815,
    "returnTotal": -0.504692185,
    "cagr": -0.5232634680482693,
    "sharpe": -4.628676049265129,
    "sortino": -3.7660481662323653,
    "mdd": 0.5303616978198861,
    "tradesCount": 120
  },
  "digitalSeal": "c37e839c9b0bc728ab8fe27f919ed181b08faf463265148adcd5bb780c9d2dc9"
}