{
  "runId": "omega-1761088572081",
  "timestamp": "2025-10-21T23:16:12.085Z",
  "engineVersion": "v3.18",
  "strategy": "Example Strategy (Baseline)",
  "seed": "1761088572081",
  "options": {
    "initialCash": 10000,
    "feeBps": 7.969106497528519,
    "slippage": {
      "mode": "dynamic",
      "spreadBps": 15,
      "liquidityFactor": 0.7,
      "volatilityLookback": 10,
      "sizeImpactBps": 0.1,
      "minBps": 2,
      "maxBps": 60
    },
    "slippageBps": null
  },
  "data": {
    "bars": 240,
    "start": 1740010219424,
    "end": 1760659819424,
    "checksum": "none"
  },
  "metrics": {
    "equityFinal": 5150.5243,
    "returnTotal": -0.48494757,
    "cagr": -0.5032040028934992,
    "sharpe": -4.618495449889629,
    "mdd": 0.5172611799686958,
    "tradesCount": 120
  },
  "digitalSeal": "10818466ccf9425936b23601ecbb87087e478317b7bc2709f4a1f1c9c35b7f72"
}