{
  "runId": "omega-1761088571990",
  "timestamp": "2025-10-21T23:16:11.996Z",
  "engineVersion": "v3.18",
  "strategy": "Example Strategy (Baseline)",
  "seed": "1761088571990",
  "options": {
    "initialCash": 10000,
    "feeBps": 12.232967344153334,
    "slippage": {
      "mode": "dynamic",
      "spreadBps": 15,
      "liquidityFactor": 0.7,
      "volatilityLookback": 10,
      "sizeImpactBps": 0.1,
      "minBps": 2,
      "maxBps": 60
    },
    "slippageBps": null
  },
  "data": {
    "bars": 240,
    "start": 1740010219424,
    "end": 1760659819424,
    "checksum": "none"
  },
  "metrics": {
    "equityFinal": 5193.16134,
    "returnTotal": -0.480683866,
    "cagr": -0.4988667589842599,
    "sharpe": -4.39590858681538,
    "mdd": 0.5235870118857754,
    "tradesCount": 120
  },
  "digitalSeal": "dd69114898b2486d7e7d26a6ca226fd550766169d684e34da6a59c730894cb90"
}