{
  "runId": "omega-1761081653204",
  "timestamp": "2025-10-21T21:20:53.209Z",
  "engineVersion": "v3.16",
  "strategy": "Example Strategy (Baseline)",
  "seed": "1761081653204",
  "options": {
    "initialCash": 10000,
    "feeBps": 12.386517148414276,
    "slippage": {
      "mode": "dynamic",
      "spreadBps": 15,
      "liquidityFactor": 0.7,
      "volatilityLookback": 10,
      "sizeImpactBps": 0.1,
      "minBps": 2,
      "maxBps": 60
    },
    "slippageBps": null
  },
  "data": {
    "bars": 240,
    "start": 1740010219424,
    "end": 1760659819424,
    "checksum": "none"
  },
  "metrics": {
    "equityFinal": 4785.53971,
    "returnTotal": -0.521446029,
    "cagr": -0.5402504537068913,
    "sharpe": -4.94286707990971,
    "sortino": -4.019390745198721,
    "mdd": 0.5524818830167403,
    "tradesCount": 120
  },
  "digitalSeal": "c9a2beda3d95d770055d4d689561635f862b826cb36b8c7b391a0fe74d052925"
}