{
  "runId": "omega-1761081653218",
  "timestamp": "2025-10-21T21:20:53.222Z",
  "engineVersion": "v3.16",
  "strategy": "Example Strategy (Baseline)",
  "seed": "1761081653218",
  "options": {
    "initialCash": 10000,
    "feeBps": 11.618671835876473,
    "slippage": {
      "mode": "dynamic",
      "spreadBps": 15,
      "liquidityFactor": 0.7,
      "volatilityLookback": 10,
      "sizeImpactBps": 0.1,
      "minBps": 2,
      "maxBps": 60
    },
    "slippageBps": null
  },
  "data": {
    "bars": 240,
    "start": 1740010219424,
    "end": 1760659819424,
    "checksum": "none"
  },
  "metrics": {
    "equityFinal": 5174.74497,
    "returnTotal": -0.482525503,
    "cagr": -0.5007403989093191,
    "sharpe": -4.564263071064245,
    "sortino": -3.9737637013205855,
    "mdd": 0.5085021990043993,
    "tradesCount": 120
  },
  "digitalSeal": "1e7ec5a6bdf966aaff49ebb53375936d9aa69dced50e0e9a959da63fabbf12b0"
}