{
  "runId": "omega-1761088572266",
  "timestamp": "2025-10-21T23:16:12.270Z",
  "engineVersion": "v3.18",
  "strategy": "Example Strategy (Baseline)",
  "seed": "1761088572266",
  "options": {
    "initialCash": 10000,
    "feeBps": 8.738908806810349,
    "slippage": {
      "mode": "dynamic",
      "spreadBps": 15,
      "liquidityFactor": 0.7,
      "volatilityLookback": 10,
      "sizeImpactBps": 0.1,
      "minBps": 2,
      "maxBps": 60
    },
    "slippageBps": null
  },
  "data": {
    "bars": 240,
    "start": 1740010219424,
    "end": 1760659819424,
    "checksum": "none"
  },
  "metrics": {
    "equityFinal": 5445.45346,
    "returnTotal": -0.455454654,
    "cagr": -0.47316324007446753,
    "sharpe": -4.075157652013009,
    "mdd": 0.4943773528061955,
    "tradesCount": 120
  },
  "digitalSeal": "724ca79bd2a12948462e72188d68b270ad3b6bbc2540a1d4befd9f0d8e60f7a1"
}