{
  "runId": "omega-1761083161501",
  "timestamp": "2025-10-21T21:46:01.509Z",
  "engineVersion": "v3.18",
  "strategy": "Example Strategy (Baseline)",
  "seed": "1761083161501",
  "options": {
    "initialCash": 10000,
    "feeBps": 11.571086206038396,
    "slippage": {
      "mode": "dynamic",
      "spreadBps": 15,
      "liquidityFactor": 0.7,
      "volatilityLookback": 10,
      "sizeImpactBps": 0.1,
      "minBps": 2,
      "maxBps": 60
    },
    "slippageBps": null
  },
  "data": {
    "bars": 240,
    "start": 1740010219424,
    "end": 1760659819424,
    "checksum": "none"
  },
  "metrics": {
    "equityFinal": 5148.17301,
    "returnTotal": -0.48518269899999994,
    "cagr": -0.5034431307060834,
    "sharpe": -4.610506538518356,
    "mdd": 0.5252385738387902,
    "tradesCount": 120
  },
  "digitalSeal": "e41bbf9db6b28cb476b688108b536cbe098b6f0f18373e0f813739f26d4f5d94"
}