{
  "runId": "omega-1761081653520",
  "timestamp": "2025-10-21T21:20:53.523Z",
  "engineVersion": "v3.16",
  "strategy": "Example Strategy (Baseline)",
  "seed": "1761081653520",
  "options": {
    "initialCash": 10000,
    "feeBps": 7.642334775816675,
    "slippage": {
      "mode": "dynamic",
      "spreadBps": 15,
      "liquidityFactor": 0.7,
      "volatilityLookback": 10,
      "sizeImpactBps": 0.1,
      "minBps": 2,
      "maxBps": 60
    },
    "slippageBps": null
  },
  "data": {
    "bars": 240,
    "start": 1740010219424,
    "end": 1760659819424,
    "checksum": "none"
  },
  "metrics": {
    "equityFinal": 5543.10725,
    "returnTotal": -0.445689275,
    "cagr": -0.4631967018082277,
    "sharpe": -3.9944377921332497,
    "sortino": -3.5784846171720006,
    "mdd": 0.4852048042359386,
    "tradesCount": 120
  },
  "digitalSeal": "ed1f0a7f1bb951a73e2e0b1c20f2f049b17757be5657cb3832f1105153530194"
}