{
  "runId": "omega-1761081986583",
  "timestamp": "2025-10-21T21:26:26.587Z",
  "engineVersion": "v3.16",
  "strategy": "Example Strategy (Baseline)",
  "seed": "1761081986583",
  "options": {
    "initialCash": 10000,
    "feeBps": 9.426819065308248,
    "slippage": {
      "mode": "dynamic",
      "spreadBps": 15,
      "liquidityFactor": 0.7,
      "volatilityLookback": 10,
      "sizeImpactBps": 0.1,
      "minBps": 2,
      "maxBps": 60
    },
    "slippageBps": null
  },
  "data": {
    "bars": 240,
    "start": 1740010219424,
    "end": 1760659819424,
    "checksum": "none"
  },
  "metrics": {
    "equityFinal": 5111.75463,
    "returnTotal": -0.48882453699999995,
    "cagr": -0.5071461448832916,
    "sharpe": -4.7831660330536705,
    "sortino": -4.043916062166068,
    "mdd": 0.5179094533137285,
    "tradesCount": 120
  },
  "digitalSeal": "f1139d734a8fcea340888cd92e095df21596e681399016c9ae597656dfc9b337"
}