{
  "runId": "omega-1761083160534",
  "timestamp": "2025-10-21T21:46:00.551Z",
  "engineVersion": "v3.18",
  "strategy": "Example Strategy (Baseline)",
  "seed": "1761083160534",
  "options": {
    "initialCash": 10000,
    "feeBps": 10.323568267459372,
    "slippage": {
      "mode": "dynamic",
      "spreadBps": 15,
      "liquidityFactor": 0.7,
      "volatilityLookback": 10,
      "sizeImpactBps": 0.1,
      "minBps": 2,
      "maxBps": 60
    },
    "slippageBps": null
  },
  "data": {
    "bars": 240,
    "start": 1740010219424,
    "end": 1760659819424,
    "checksum": "none"
  },
  "metrics": {
    "equityFinal": 5042.41873,
    "returnTotal": -0.495758127,
    "cagr": -0.5141922323056579,
    "sharpe": -4.398816132695155,
    "mdd": 0.5312129494737882,
    "tradesCount": 120
  },
  "digitalSeal": "3eb4b3c5f8394590a042162123c1ff97a5b16b3c336aece8716b68d04dce1b82"
}