{
  "runId": "omega-1761082298916",
  "timestamp": "2025-10-21T21:31:38.929Z",
  "engineVersion": "v3.17",
  "strategy": "Example Strategy (Baseline)",
  "seed": "1761082298916",
  "options": {
    "initialCash": 10000,
    "feeBps": 11.618671835876473,
    "slippage": {
      "mode": "dynamic",
      "spreadBps": 15,
      "liquidityFactor": 0.7,
      "volatilityLookback": 10,
      "sizeImpactBps": 0.1,
      "minBps": 2,
      "maxBps": 60
    },
    "slippageBps": null
  },
  "data": {
    "bars": 240,
    "start": 1740010219424,
    "end": 1760659819424,
    "checksum": "none"
  },
  "metrics": {
    "equityFinal": 5174.74497,
    "returnTotal": -0.482525503,
    "cagr": -0.5007403989093191,
    "sharpe": -4.564263071064245,
    "mdd": 0.5085021990043993,
    "tradesCount": 120
  },
  "digitalSeal": "a812b8f6b0f911182e2d28326b8adaa6a9f11902e55354bb7647ecded4e33e5f"
}