{
  "runId": "omega-1761083161275",
  "timestamp": "2025-10-21T21:46:01.285Z",
  "engineVersion": "v3.18",
  "strategy": "Example Strategy (Baseline)",
  "seed": "1761083161275",
  "options": {
    "initialCash": 10000,
    "feeBps": 11.408772499133942,
    "slippage": {
      "mode": "dynamic",
      "spreadBps": 15,
      "liquidityFactor": 0.7,
      "volatilityLookback": 10,
      "sizeImpactBps": 0.1,
      "minBps": 2,
      "maxBps": 60
    },
    "slippageBps": null
  },
  "data": {
    "bars": 240,
    "start": 1740010219424,
    "end": 1760659819424,
    "checksum": "none"
  },
  "metrics": {
    "equityFinal": 5138.72281,
    "returnTotal": -0.48612771899999996,
    "cagr": -0.5044041626111886,
    "sharpe": -4.505691196663401,
    "mdd": 0.5171840275428168,
    "tradesCount": 120
  },
  "digitalSeal": "ec59b8a674eede713bce693164f8e30e04b2001ac07c8b8e8e84fd6ea1b8fa7d"
}