{
  "runId": "omega-1761083161265",
  "timestamp": "2025-10-21T21:46:01.274Z",
  "engineVersion": "v3.18",
  "strategy": "Example Strategy (Baseline)",
  "seed": "1761083161265",
  "options": {
    "initialCash": 10000,
    "feeBps": 9.114486178680338,
    "slippage": {
      "mode": "dynamic",
      "spreadBps": 15,
      "liquidityFactor": 0.7,
      "volatilityLookback": 10,
      "sizeImpactBps": 0.1,
      "minBps": 2,
      "maxBps": 60
    },
    "slippageBps": null
  },
  "data": {
    "bars": 240,
    "start": 1740010219424,
    "end": 1760659819424,
    "checksum": "none"
  },
  "metrics": {
    "equityFinal": 5220.95997,
    "returnTotal": -0.477904003,
    "cagr": -0.49603790492254296,
    "sharpe": -4.414129482307505,
    "mdd": 0.5233884733502158,
    "tradesCount": 120
  },
  "digitalSeal": "a28c9e59502cdad19b454346c057c543b47c428df8ce73a31c188ae1d289dc21"
}