{
  "runId": "omega-1761082300878",
  "timestamp": "2025-10-21T21:31:40.900Z",
  "engineVersion": "v3.17",
  "strategy": "Example Strategy (Baseline)",
  "seed": "1761082300878",
  "options": {
    "initialCash": 10000,
    "feeBps": 11.267224671039312,
    "slippage": {
      "mode": "dynamic",
      "spreadBps": 15,
      "liquidityFactor": 0.7,
      "volatilityLookback": 10,
      "sizeImpactBps": 0.1,
      "minBps": 2,
      "maxBps": 60
    },
    "slippageBps": null
  },
  "data": {
    "bars": 240,
    "start": 1740010219424,
    "end": 1760659819424,
    "checksum": "none"
  },
  "metrics": {
    "equityFinal": 5008.89366,
    "returnTotal": -0.49911063400000005,
    "cagr": -0.517597248479048,
    "sharpe": -4.674253604875969,
    "mdd": 0.5260742772143584,
    "tradesCount": 120
  },
  "digitalSeal": "4e073e1a352a9f716426b4ecdc5259ce50ba5801d3b944a96cacbe1e8c7c877c"
}