{
  "runId": "omega-1761083161427",
  "timestamp": "2025-10-21T21:46:01.435Z",
  "engineVersion": "v3.18",
  "strategy": "Example Strategy (Baseline)",
  "seed": "1761083161427",
  "options": {
    "initialCash": 10000,
    "feeBps": 9.753798763069048,
    "slippage": {
      "mode": "dynamic",
      "spreadBps": 15,
      "liquidityFactor": 0.7,
      "volatilityLookback": 10,
      "sizeImpactBps": 0.1,
      "minBps": 2,
      "maxBps": 60
    },
    "slippageBps": null
  },
  "data": {
    "bars": 240,
    "start": 1740010219424,
    "end": 1760659819424,
    "checksum": "none"
  },
  "metrics": {
    "equityFinal": 5382.62135,
    "returnTotal": -0.46173786499999997,
    "cagr": -0.47957075311577946,
    "sharpe": -4.138213400212652,
    "mdd": 0.5110556706240593,
    "tradesCount": 120
  },
  "digitalSeal": "2db135695f3b14e9bc040f010f192beed65df5b04fe9f0ff72107aeea83362fd"
}