{
  "runId": "omega-1761083108284",
  "timestamp": "2025-10-21T21:45:08.287Z",
  "engineVersion": "v3.18",
  "strategy": "Example Strategy (Baseline)",
  "seed": "1761083108284",
  "options": {
    "initialCash": 10000,
    "feeBps": 8.17442740719261,
    "slippage": {
      "mode": "dynamic",
      "spreadBps": 15,
      "liquidityFactor": 0.7,
      "volatilityLookback": 10,
      "sizeImpactBps": 0.1,
      "minBps": 2,
      "maxBps": 60
    },
    "slippageBps": null
  },
  "data": {
    "bars": 240,
    "start": 1740010219424,
    "end": 1760659819424,
    "checksum": "none"
  },
  "metrics": {
    "equityFinal": 5156.38396,
    "returnTotal": -0.484361604,
    "cagr": -0.5026080456028562,
    "sharpe": -4.372655546508405,
    "mdd": 0.5236487047769278,
    "tradesCount": 120
  },
  "digitalSeal": "2ff06c956f2c2539a2f50eac78786cd6fe5370984016253f9f7ef632b1d76a5c"
}