{
  "runId": "omega-1761083108424",
  "timestamp": "2025-10-21T21:45:08.428Z",
  "engineVersion": "v3.18",
  "strategy": "Example Strategy (Baseline)",
  "seed": "1761083108424",
  "options": {
    "initialCash": 10000,
    "feeBps": 11.333618158984367,
    "slippage": {
      "mode": "dynamic",
      "spreadBps": 15,
      "liquidityFactor": 0.7,
      "volatilityLookback": 10,
      "sizeImpactBps": 0.1,
      "minBps": 2,
      "maxBps": 60
    },
    "slippageBps": null
  },
  "data": {
    "bars": 240,
    "start": 1740010219424,
    "end": 1760659819424,
    "checksum": "none"
  },
  "metrics": {
    "equityFinal": 5097.914,
    "returnTotal": -0.49020860000000005,
    "cagr": -0.5085530818755731,
    "sharpe": -4.354981985217862,
    "mdd": 0.5243283415320906,
    "tradesCount": 120
  },
  "digitalSeal": "d84572b8b60c465e4cfc9b7d3dc035c18294aac2e3ad45f9059bc414845488d7"
}