{
  "runId": "omega-1761081986829",
  "timestamp": "2025-10-21T21:26:26.834Z",
  "engineVersion": "v3.16",
  "strategy": "Example Strategy (Baseline)",
  "seed": "1761081986829",
  "options": {
    "initialCash": 10000,
    "feeBps": 10.405213093967998,
    "slippage": {
      "mode": "dynamic",
      "spreadBps": 15,
      "liquidityFactor": 0.7,
      "volatilityLookback": 10,
      "sizeImpactBps": 0.1,
      "minBps": 2,
      "maxBps": 60
    },
    "slippageBps": null
  },
  "data": {
    "bars": 240,
    "start": 1740010219424,
    "end": 1760659819424,
    "checksum": "none"
  },
  "metrics": {
    "equityFinal": 4917.52252,
    "returnTotal": -0.5082477479999999,
    "cagr": -0.5268711586242854,
    "sharpe": -4.770494072386486,
    "sortino": -4.063732073316461,
    "mdd": 0.5415182411597216,
    "tradesCount": 120
  },
  "digitalSeal": "6272ba2184a13cdfcaada631cae85c919eb0e232f1c4c197486adce1bae4d1d0"
}