{
  "runId": "omega-1761081986710",
  "timestamp": "2025-10-21T21:26:26.715Z",
  "engineVersion": "v3.16",
  "strategy": "Example Strategy (Baseline)",
  "seed": "1761081986710",
  "options": {
    "initialCash": 10000,
    "feeBps": 10.26373648131953,
    "slippage": {
      "mode": "dynamic",
      "spreadBps": 15,
      "liquidityFactor": 0.7,
      "volatilityLookback": 10,
      "sizeImpactBps": 0.1,
      "minBps": 2,
      "maxBps": 60
    },
    "slippageBps": null
  },
  "data": {
    "bars": 240,
    "start": 1740010219424,
    "end": 1760659819424,
    "checksum": "none"
  },
  "metrics": {
    "equityFinal": 4871.79417,
    "returnTotal": -0.512820583,
    "cagr": -0.5315089484613863,
    "sharpe": -4.801193860362861,
    "sortino": -3.967135493503499,
    "mdd": 0.5422010081568545,
    "tradesCount": 120
  },
  "digitalSeal": "0890a11469fec8c70388264e84fc330ca67af509f7de74032e2e3c7cac4e6eec"
}