{
  "runId": "omega-1761081653525",
  "timestamp": "2025-10-21T21:20:53.528Z",
  "engineVersion": "v3.16",
  "strategy": "Example Strategy (Baseline)",
  "seed": "1761081653525",
  "options": {
    "initialCash": 10000,
    "feeBps": 10.518497959855967,
    "slippage": {
      "mode": "dynamic",
      "spreadBps": 15,
      "liquidityFactor": 0.7,
      "volatilityLookback": 10,
      "sizeImpactBps": 0.1,
      "minBps": 2,
      "maxBps": 60
    },
    "slippageBps": null
  },
  "data": {
    "bars": 240,
    "start": 1740010219424,
    "end": 1760659819424,
    "checksum": "none"
  },
  "metrics": {
    "equityFinal": 5297.41785,
    "returnTotal": -0.47025821500000003,
    "cagr": -0.4882531571759702,
    "sharpe": -4.1954188346960235,
    "sortino": -3.6021769057205204,
    "mdd": 0.5168859270194535,
    "tradesCount": 120
  },
  "digitalSeal": "5f4a126e5ff6c0d231401d7db502ad611e5bc61068d985d25ee34571a7a09d9b"
}