{
  "runId": "omega-1761083108323",
  "timestamp": "2025-10-21T21:45:08.327Z",
  "engineVersion": "v3.18",
  "strategy": "Example Strategy (Baseline)",
  "seed": "1761083108323",
  "options": {
    "initialCash": 10000,
    "feeBps": 10.469472729017678,
    "slippage": {
      "mode": "dynamic",
      "spreadBps": 15,
      "liquidityFactor": 0.7,
      "volatilityLookback": 10,
      "sizeImpactBps": 0.1,
      "minBps": 2,
      "maxBps": 60
    },
    "slippageBps": null
  },
  "data": {
    "bars": 240,
    "start": 1740010219424,
    "end": 1760659819424,
    "checksum": "none"
  },
  "metrics": {
    "equityFinal": 5124.25496,
    "returnTotal": -0.48757450399999996,
    "cagr": -0.5058752748555269,
    "sharpe": -4.366810703963383,
    "mdd": 0.5199920368681907,
    "tradesCount": 120
  },
  "digitalSeal": "811cab3ecef0a1e263a46cc5480f1907d2ab7a886e3d6797eec658b71893617f"
}