{
  "runId": "omega-1761081986819",
  "timestamp": "2025-10-21T21:26:26.823Z",
  "engineVersion": "v3.16",
  "strategy": "Example Strategy (Baseline)",
  "seed": "1761081986819",
  "options": {
    "initialCash": 10000,
    "feeBps": 9.49540426479658,
    "slippage": {
      "mode": "dynamic",
      "spreadBps": 15,
      "liquidityFactor": 0.7,
      "volatilityLookback": 10,
      "sizeImpactBps": 0.1,
      "minBps": 2,
      "maxBps": 60
    },
    "slippageBps": null
  },
  "data": {
    "bars": 240,
    "start": 1740010219424,
    "end": 1760659819424,
    "checksum": "none"
  },
  "metrics": {
    "equityFinal": 5262.78302,
    "returnTotal": -0.473721698,
    "cagr": -0.491780350401252,
    "sharpe": -4.303262619651557,
    "sortino": -3.722570722821585,
    "mdd": 0.5076520215881768,
    "tradesCount": 120
  },
  "digitalSeal": "92de8d3075c42bcfd95b287650c248608002b9c9ab91153814815c493498f817"
}