{
  "runId": "omega-1761081986803",
  "timestamp": "2025-10-21T21:26:26.807Z",
  "engineVersion": "v3.16",
  "strategy": "Example Strategy (Baseline)",
  "seed": "1761081986803",
  "options": {
    "initialCash": 10000,
    "feeBps": 9.677224147834934,
    "slippage": {
      "mode": "dynamic",
      "spreadBps": 15,
      "liquidityFactor": 0.7,
      "volatilityLookback": 10,
      "sizeImpactBps": 0.1,
      "minBps": 2,
      "maxBps": 60
    },
    "slippageBps": null
  },
  "data": {
    "bars": 240,
    "start": 1740010219424,
    "end": 1760659819424,
    "checksum": "none"
  },
  "metrics": {
    "equityFinal": 5122.88703,
    "returnTotal": -0.487711297,
    "cagr": -0.5060143563075956,
    "sharpe": -4.590364340805395,
    "sortino": -3.867295905943672,
    "mdd": 0.5237611784831638,
    "tradesCount": 120
  },
  "digitalSeal": "2ab0545d4ee33f2ee7bf716a7208463848ed9c7bfd3d3a10cd84b1052581e9a1"
}