{
  "runId": "omega-1761083161074",
  "timestamp": "2025-10-21T21:46:01.083Z",
  "engineVersion": "v3.18",
  "strategy": "Example Strategy (Baseline)",
  "seed": "1761083161074",
  "options": {
    "initialCash": 10000,
    "feeBps": 8.738908806810349,
    "slippage": {
      "mode": "dynamic",
      "spreadBps": 15,
      "liquidityFactor": 0.7,
      "volatilityLookback": 10,
      "sizeImpactBps": 0.1,
      "minBps": 2,
      "maxBps": 60
    },
    "slippageBps": null
  },
  "data": {
    "bars": 240,
    "start": 1740010219424,
    "end": 1760659819424,
    "checksum": "none"
  },
  "metrics": {
    "equityFinal": 5445.45346,
    "returnTotal": -0.455454654,
    "cagr": -0.47316324007446753,
    "sharpe": -4.075157652013009,
    "mdd": 0.4943773528061955,
    "tradesCount": 120
  },
  "digitalSeal": "b58c171933dde400195cc136dc485fd58b3bca53e2e0e147550664efd8848a74"
}