{
  "runId": "omega-1761083161436",
  "timestamp": "2025-10-21T21:46:01.444Z",
  "engineVersion": "v3.18",
  "strategy": "Example Strategy (Baseline)",
  "seed": "1761083161436",
  "options": {
    "initialCash": 10000,
    "feeBps": 11.453081259085295,
    "slippage": {
      "mode": "dynamic",
      "spreadBps": 15,
      "liquidityFactor": 0.7,
      "volatilityLookback": 10,
      "sizeImpactBps": 0.1,
      "minBps": 2,
      "maxBps": 60
    },
    "slippageBps": null
  },
  "data": {
    "bars": 240,
    "start": 1740010219424,
    "end": 1760659819424,
    "checksum": "none"
  },
  "metrics": {
    "equityFinal": 5011.86636,
    "returnTotal": -0.498813364,
    "cagr": -0.5172953724030391,
    "sharpe": -4.60601317375942,
    "mdd": 0.5281438575680146,
    "tradesCount": 120
  },
  "digitalSeal": "17d9039111d3e7b4ec7c1603dd355b062b63fda248a215b302e3d3fda58d69cf"
}