{
  "runId": "omega-1761083108228",
  "timestamp": "2025-10-21T21:45:08.233Z",
  "engineVersion": "v3.18",
  "strategy": "Example Strategy (Baseline)",
  "seed": "1761083108228",
  "options": {
    "initialCash": 10000,
    "feeBps": 12.166452313948923,
    "slippage": {
      "mode": "dynamic",
      "spreadBps": 15,
      "liquidityFactor": 0.7,
      "volatilityLookback": 10,
      "sizeImpactBps": 0.1,
      "minBps": 2,
      "maxBps": 60
    },
    "slippageBps": null
  },
  "data": {
    "bars": 240,
    "start": 1740010219424,
    "end": 1760659819424,
    "checksum": "none"
  },
  "metrics": {
    "equityFinal": 4919.49804,
    "returnTotal": -0.508050196,
    "cagr": -0.5266707474741246,
    "sharpe": -4.8739652468201715,
    "mdd": 0.5345352885104399,
    "tradesCount": 120
  },
  "digitalSeal": "7a4ea3a42b65fd8714bf1a3d7b4db5975bba42debc251bf89beae2e302f9a4f0"
}