{
  "runId": "omega-1761081653585",
  "timestamp": "2025-10-21T21:20:53.589Z",
  "engineVersion": "v3.16",
  "strategy": "Example Strategy (Baseline)",
  "seed": "1761081653585",
  "options": {
    "initialCash": 10000,
    "feeBps": 12.102547279281723,
    "slippage": {
      "mode": "dynamic",
      "spreadBps": 15,
      "liquidityFactor": 0.7,
      "volatilityLookback": 10,
      "sizeImpactBps": 0.1,
      "minBps": 2,
      "maxBps": 60
    },
    "slippageBps": null
  },
  "data": {
    "bars": 240,
    "start": 1740010219424,
    "end": 1760659819424,
    "checksum": "none"
  },
  "metrics": {
    "equityFinal": 5287.00392,
    "returnTotal": -0.471299608,
    "cagr": -0.4893138386927488,
    "sharpe": -4.347586251157876,
    "sortino": -3.731785886226481,
    "mdd": 0.5040953067228802,
    "tradesCount": 120
  },
  "digitalSeal": "f01761b80992e316d1dccd8f32771da080fc1d936dc63a9bd043c9b9ece24468"
}