{
  "runId": "omega-1761081653303",
  "timestamp": "2025-10-21T21:20:53.307Z",
  "engineVersion": "v3.16",
  "strategy": "Example Strategy (Baseline)",
  "seed": "1761081653303",
  "options": {
    "initialCash": 10000,
    "feeBps": 8.898501868089069,
    "slippage": {
      "mode": "dynamic",
      "spreadBps": 15,
      "liquidityFactor": 0.7,
      "volatilityLookback": 10,
      "sizeImpactBps": 0.1,
      "minBps": 2,
      "maxBps": 60
    },
    "slippageBps": null
  },
  "data": {
    "bars": 240,
    "start": 1740010219424,
    "end": 1760659819424,
    "checksum": "none"
  },
  "metrics": {
    "equityFinal": 5267.03211,
    "returnTotal": -0.473296789,
    "cagr": -0.49134769304598136,
    "sharpe": -4.371565744630998,
    "sortino": -3.764155469605421,
    "mdd": 0.505315125791051,
    "tradesCount": 120
  },
  "digitalSeal": "44111017f0c45e202da4f5a6f62496cdc0aa559a1031bcef9e58ef70f5f332bd"
}