{
  "runId": "omega-1761082301036",
  "timestamp": "2025-10-21T21:31:41.052Z",
  "engineVersion": "v3.17",
  "strategy": "Example Strategy (Baseline)",
  "seed": "1761082301036",
  "options": {
    "initialCash": 10000,
    "feeBps": 11.675984002631793,
    "slippage": {
      "mode": "dynamic",
      "spreadBps": 15,
      "liquidityFactor": 0.7,
      "volatilityLookback": 10,
      "sizeImpactBps": 0.1,
      "minBps": 2,
      "maxBps": 60
    },
    "slippageBps": null
  },
  "data": {
    "bars": 240,
    "start": 1740010219424,
    "end": 1760659819424,
    "checksum": "none"
  },
  "metrics": {
    "equityFinal": 5030.99352,
    "returnTotal": -0.496900648,
    "cagr": -0.5153527869557919,
    "sharpe": -4.627076914403832,
    "mdd": 0.5308095686456806,
    "tradesCount": 120
  },
  "digitalSeal": "7578bc2c138cc51a7f46498003f14090d118ce170fe78606c6decfb9902202d6"
}