{
  "runId": "omega-1761082299648",
  "timestamp": "2025-10-21T21:31:39.665Z",
  "engineVersion": "v3.17",
  "strategy": "Example Strategy (Baseline)",
  "seed": "1761082299648",
  "options": {
    "initialCash": 10000,
    "feeBps": 11.416966564661145,
    "slippage": {
      "mode": "dynamic",
      "spreadBps": 15,
      "liquidityFactor": 0.7,
      "volatilityLookback": 10,
      "sizeImpactBps": 0.1,
      "minBps": 2,
      "maxBps": 60
    },
    "slippageBps": null
  },
  "data": {
    "bars": 240,
    "start": 1740010219424,
    "end": 1760659819424,
    "checksum": "none"
  },
  "metrics": {
    "equityFinal": 4888.99904,
    "returnTotal": -0.5111000960000001,
    "cagr": -0.5297642994540013,
    "sharpe": -4.693756371736019,
    "mdd": 0.5390049053071928,
    "tradesCount": 120
  },
  "digitalSeal": "7bb7b191be07ab8fd1c9b0533d47b370132234ef1b9e938d7028577030420647"
}