{
  "runId": "omega-1761088572503",
  "timestamp": "2025-10-21T23:16:12.507Z",
  "engineVersion": "v3.18",
  "strategy": "Example Strategy (Baseline)",
  "seed": "1761088572503",
  "options": {
    "initialCash": 10000,
    "feeBps": 9.645631089578455,
    "slippage": {
      "mode": "dynamic",
      "spreadBps": 15,
      "liquidityFactor": 0.7,
      "volatilityLookback": 10,
      "sizeImpactBps": 0.1,
      "minBps": 2,
      "maxBps": 60
    },
    "slippageBps": null
  },
  "data": {
    "bars": 240,
    "start": 1740010219424,
    "end": 1760659819424,
    "checksum": "none"
  },
  "metrics": {
    "equityFinal": 4956.10061,
    "returnTotal": -0.504389939,
    "cagr": -0.5229567257548127,
    "sharpe": -4.860963590336671,
    "mdd": 0.5363138978655957,
    "tradesCount": 120
  },
  "digitalSeal": "b88bc6af8d22e5284a9cd8185199734bcd48b0ed177000cde64689ba1504aa04"
}