{
  "runId": "omega-1761081653230",
  "timestamp": "2025-10-21T21:20:53.234Z",
  "engineVersion": "v3.16",
  "strategy": "Example Strategy (Baseline)",
  "seed": "1761081653230",
  "options": {
    "initialCash": 10000,
    "feeBps": 11.206013326755883,
    "slippage": {
      "mode": "dynamic",
      "spreadBps": 15,
      "liquidityFactor": 0.7,
      "volatilityLookback": 10,
      "sizeImpactBps": 0.1,
      "minBps": 2,
      "maxBps": 60
    },
    "slippageBps": null
  },
  "data": {
    "bars": 240,
    "start": 1740010219424,
    "end": 1760659819424,
    "checksum": "none"
  },
  "metrics": {
    "equityFinal": 5143.67873,
    "returnTotal": -0.485632127,
    "cagr": -0.5039001855464513,
    "sharpe": -4.751289707955467,
    "sortino": -3.8645133887220724,
    "mdd": 0.5096119046067401,
    "tradesCount": 120
  },
  "digitalSeal": "4735075b375a7f3e41bca2612bfc31414bbec138cbda78ae9346573bcad4ba84"
}