{
  "runId": "omega-1761083108544",
  "timestamp": "2025-10-21T21:45:08.548Z",
  "engineVersion": "v3.18",
  "strategy": "Example Strategy (Baseline)",
  "seed": "1761083108544",
  "options": {
    "initialCash": 10000,
    "feeBps": 11.675984002631793,
    "slippage": {
      "mode": "dynamic",
      "spreadBps": 15,
      "liquidityFactor": 0.7,
      "volatilityLookback": 10,
      "sizeImpactBps": 0.1,
      "minBps": 2,
      "maxBps": 60
    },
    "slippageBps": null
  },
  "data": {
    "bars": 240,
    "start": 1740010219424,
    "end": 1760659819424,
    "checksum": "none"
  },
  "metrics": {
    "equityFinal": 5030.99352,
    "returnTotal": -0.496900648,
    "cagr": -0.5153527869557919,
    "sharpe": -4.627076914403832,
    "mdd": 0.5308095686456806,
    "tradesCount": 120
  },
  "digitalSeal": "87f8bf8887c5dc0f4aea189ae4bd88927cfbb693be748caa2a9f6be9491b6c66"
}