{
  "runId": "omega-1761082299762",
  "timestamp": "2025-10-21T21:31:40.292Z",
  "engineVersion": "v3.17",
  "strategy": "Example Strategy (Baseline)",
  "seed": "1761082299762",
  "options": {
    "initialCash": 10000,
    "feeBps": 12.280845881497228,
    "slippage": {
      "mode": "dynamic",
      "spreadBps": 15,
      "liquidityFactor": 0.7,
      "volatilityLookback": 10,
      "sizeImpactBps": 0.1,
      "minBps": 2,
      "maxBps": 60
    },
    "slippageBps": null
  },
  "data": {
    "bars": 240,
    "start": 1740010219424,
    "end": 1760659819424,
    "checksum": "none"
  },
  "metrics": {
    "equityFinal": 5110.40712,
    "returnTotal": -0.488959288,
    "cagr": -0.5072831319864195,
    "sharpe": -4.634838763715779,
    "mdd": 0.5240751939009568,
    "tradesCount": 120
  },
  "digitalSeal": "ea022296b962743f56e80eadb3b6b959912f4ba37027ac753f400e79870b8a59"
}