{
  "runId": "omega-1761081986695",
  "timestamp": "2025-10-21T21:26:26.698Z",
  "engineVersion": "v3.16",
  "strategy": "Example Strategy (Baseline)",
  "seed": "1761081986695",
  "options": {
    "initialCash": 10000,
    "feeBps": 7.891721235876812,
    "slippage": {
      "mode": "dynamic",
      "spreadBps": 15,
      "liquidityFactor": 0.7,
      "volatilityLookback": 10,
      "sizeImpactBps": 0.1,
      "minBps": 2,
      "maxBps": 60
    },
    "slippageBps": null
  },
  "data": {
    "bars": 240,
    "start": 1740010219424,
    "end": 1760659819424,
    "checksum": "none"
  },
  "metrics": {
    "equityFinal": 5269.91131,
    "returnTotal": -0.47300886899999994,
    "cagr": -0.49105451193819794,
    "sharpe": -4.478014836054116,
    "sortino": -3.8161116292864685,
    "mdd": 0.5089154809173155,
    "tradesCount": 120
  },
  "digitalSeal": "b3362a06c1139a2a702c727358c5dda6a7af3fe2e554afc1110f3ff59e8561f7"
}