{
  "runId": "omega-1761081986705",
  "timestamp": "2025-10-21T21:26:26.709Z",
  "engineVersion": "v3.16",
  "strategy": "Example Strategy (Baseline)",
  "seed": "1761081986705",
  "options": {
    "initialCash": 10000,
    "feeBps": 11.729218322010698,
    "slippage": {
      "mode": "dynamic",
      "spreadBps": 15,
      "liquidityFactor": 0.7,
      "volatilityLookback": 10,
      "sizeImpactBps": 0.1,
      "minBps": 2,
      "maxBps": 60
    },
    "slippageBps": null
  },
  "data": {
    "bars": 240,
    "start": 1740010219424,
    "end": 1760659819424,
    "checksum": "none"
  },
  "metrics": {
    "equityFinal": 5102.81789,
    "returnTotal": -0.48971821099999996,
    "cagr": -0.5080546121013341,
    "sharpe": -4.505065545264154,
    "sortino": -3.837230486931825,
    "mdd": 0.5226623475757453,
    "tradesCount": 120
  },
  "digitalSeal": "94a47942a6b83b4ed933f82ddc8b81f649e4cf85cda6cdd872a2c4a049c0b3b8"
}