{
  "runId": "omega-1761081986782",
  "timestamp": "2025-10-21T21:26:26.785Z",
  "engineVersion": "v3.16",
  "strategy": "Example Strategy (Baseline)",
  "seed": "1761081986782",
  "options": {
    "initialCash": 10000,
    "feeBps": 9.513275208116593,
    "slippage": {
      "mode": "dynamic",
      "spreadBps": 15,
      "liquidityFactor": 0.7,
      "volatilityLookback": 10,
      "sizeImpactBps": 0.1,
      "minBps": 2,
      "maxBps": 60
    },
    "slippageBps": null
  },
  "data": {
    "bars": 240,
    "start": 1740010219424,
    "end": 1760659819424,
    "checksum": "none"
  },
  "metrics": {
    "equityFinal": 5107.69298,
    "returnTotal": -0.489230702,
    "cagr": -0.5075590439565167,
    "sharpe": -4.635093136386719,
    "sortino": -3.8926423143178597,
    "mdd": 0.5186597777943978,
    "tradesCount": 120
  },
  "digitalSeal": "16732e26db665ec5a0abdad1b6cdeeffd16b866a82a0b5a80d4f8f25a44cbaf6"
}