{
  "runId": "omega-1761083108278",
  "timestamp": "2025-10-21T21:45:08.282Z",
  "engineVersion": "v3.18",
  "strategy": "Example Strategy (Baseline)",
  "seed": "1761083108278",
  "options": {
    "initialCash": 10000,
    "feeBps": 11.035503898355422,
    "slippage": {
      "mode": "dynamic",
      "spreadBps": 15,
      "liquidityFactor": 0.7,
      "volatilityLookback": 10,
      "sizeImpactBps": 0.1,
      "minBps": 2,
      "maxBps": 60
    },
    "slippageBps": null
  },
  "data": {
    "bars": 240,
    "start": 1740010219424,
    "end": 1760659819424,
    "checksum": "none"
  },
  "metrics": {
    "equityFinal": 5073.82834,
    "returnTotal": -0.492617166,
    "cagr": -0.5110009578593193,
    "sharpe": -4.833518393470757,
    "mdd": 0.5266834967363111,
    "tradesCount": 120
  },
  "digitalSeal": "2be2d044dd99ea5c53b65fd6a0014d259e637d188d9e3b2b34a48cd12350f52d"
}