{
  "runId": "omega-1761082300854",
  "timestamp": "2025-10-21T21:31:40.873Z",
  "engineVersion": "v3.17",
  "strategy": "Example Strategy (Baseline)",
  "seed": "1761082300854",
  "options": {
    "initialCash": 10000,
    "feeBps": 8.669009317900144,
    "slippage": {
      "mode": "dynamic",
      "spreadBps": 15,
      "liquidityFactor": 0.7,
      "volatilityLookback": 10,
      "sizeImpactBps": 0.1,
      "minBps": 2,
      "maxBps": 60
    },
    "slippageBps": null
  },
  "data": {
    "bars": 240,
    "start": 1740010219424,
    "end": 1760659819424,
    "checksum": "none"
  },
  "metrics": {
    "equityFinal": 5208.12373,
    "returnTotal": -0.47918762699999995,
    "cagr": -0.4973442530130413,
    "sharpe": -4.496311479604546,
    "mdd": 0.5086500248455538,
    "tradesCount": 120
  },
  "digitalSeal": "e71228f0d2a2f67270df2009f1b1a2da7ecc3b8d7cf214ea4814ba5d266b5072"
}