{
  "runId": "omega-1761082300496",
  "timestamp": "2025-10-21T21:31:40.514Z",
  "engineVersion": "v3.17",
  "strategy": "Example Strategy (Baseline)",
  "seed": "1761082300496",
  "options": {
    "initialCash": 10000,
    "feeBps": 11.333618158984367,
    "slippage": {
      "mode": "dynamic",
      "spreadBps": 15,
      "liquidityFactor": 0.7,
      "volatilityLookback": 10,
      "sizeImpactBps": 0.1,
      "minBps": 2,
      "maxBps": 60
    },
    "slippageBps": null
  },
  "data": {
    "bars": 240,
    "start": 1740010219424,
    "end": 1760659819424,
    "checksum": "none"
  },
  "metrics": {
    "equityFinal": 5097.914,
    "returnTotal": -0.49020860000000005,
    "cagr": -0.5085530818755731,
    "sharpe": -4.354981985217862,
    "mdd": 0.5243283415320906,
    "tradesCount": 120
  },
  "digitalSeal": "09e5e0d43d07789807a342cb07df13582e2c1db520e28f7580cd4d0feebece68"
}