{
  "runId": "omega-1761081653418",
  "timestamp": "2025-10-21T21:20:53.423Z",
  "engineVersion": "v3.16",
  "strategy": "Example Strategy (Baseline)",
  "seed": "1761081653418",
  "options": {
    "initialCash": 10000,
    "feeBps": 10.71750102237187,
    "slippage": {
      "mode": "dynamic",
      "spreadBps": 15,
      "liquidityFactor": 0.7,
      "volatilityLookback": 10,
      "sizeImpactBps": 0.1,
      "minBps": 2,
      "maxBps": 60
    },
    "slippageBps": null
  },
  "data": {
    "bars": 240,
    "start": 1740010219424,
    "end": 1760659819424,
    "checksum": "none"
  },
  "metrics": {
    "equityFinal": 4955.90515,
    "returnTotal": -0.504409485,
    "cagr": -0.5229765628342088,
    "sharpe": -4.78549415474135,
    "sortino": -4.0337139378985745,
    "mdd": 0.5350345085516702,
    "tradesCount": 120
  },
  "digitalSeal": "c39d4988870408ad90051751f88b784f6444fef8555d3e5f92a41b11001478e1"
}