{
  "runId": "omega-1761081986798",
  "timestamp": "2025-10-21T21:26:26.802Z",
  "engineVersion": "v3.16",
  "strategy": "Example Strategy (Baseline)",
  "seed": "1761081986798",
  "options": {
    "initialCash": 10000,
    "feeBps": 11.284002989839262,
    "slippage": {
      "mode": "dynamic",
      "spreadBps": 15,
      "liquidityFactor": 0.7,
      "volatilityLookback": 10,
      "sizeImpactBps": 0.1,
      "minBps": 2,
      "maxBps": 60
    },
    "slippageBps": null
  },
  "data": {
    "bars": 240,
    "start": 1740010219424,
    "end": 1760659819424,
    "checksum": "none"
  },
  "metrics": {
    "equityFinal": 5283.01698,
    "returnTotal": -0.47169830199999996,
    "cagr": -0.4897198871713575,
    "sharpe": -4.322984106025169,
    "sortino": -3.6683085864673046,
    "mdd": 0.5022787021317113,
    "tradesCount": 120
  },
  "digitalSeal": "978e8d68717517ab071c1eb336abfc69b699081f8654f414e13b46c1e967fdc3"
}