{
  "runId": "omega-1761081986603",
  "timestamp": "2025-10-21T21:26:26.607Z",
  "engineVersion": "v3.16",
  "strategy": "Example Strategy (Baseline)",
  "seed": "1761081986603",
  "options": {
    "initialCash": 10000,
    "feeBps": 11.035503898355422,
    "slippage": {
      "mode": "dynamic",
      "spreadBps": 15,
      "liquidityFactor": 0.7,
      "volatilityLookback": 10,
      "sizeImpactBps": 0.1,
      "minBps": 2,
      "maxBps": 60
    },
    "slippageBps": null
  },
  "data": {
    "bars": 240,
    "start": 1740010219424,
    "end": 1760659819424,
    "checksum": "none"
  },
  "metrics": {
    "equityFinal": 5073.82834,
    "returnTotal": -0.492617166,
    "cagr": -0.5110009578593193,
    "sharpe": -4.833518393470757,
    "sortino": -4.031615567793709,
    "mdd": 0.5266834967363111,
    "tradesCount": 120
  },
  "digitalSeal": "7ea201eae4f2714bff39accb03805f907bc07488d380fcc4e76f8d2a38aa6ee6"
}