{
  "runId": "omega-1761081653536",
  "timestamp": "2025-10-21T21:20:53.539Z",
  "engineVersion": "v3.16",
  "strategy": "Example Strategy (Baseline)",
  "seed": "1761081653536",
  "options": {
    "initialCash": 10000,
    "feeBps": 12.284812609453354,
    "slippage": {
      "mode": "dynamic",
      "spreadBps": 15,
      "liquidityFactor": 0.7,
      "volatilityLookback": 10,
      "sizeImpactBps": 0.1,
      "minBps": 2,
      "maxBps": 60
    },
    "slippageBps": null
  },
  "data": {
    "bars": 240,
    "start": 1740010219424,
    "end": 1760659819424,
    "checksum": "none"
  },
  "metrics": {
    "equityFinal": 4995.55966,
    "returnTotal": -0.500444034,
    "cagr": -0.5189511889970286,
    "sharpe": -4.802652646737396,
    "sortino": -4.051341183466268,
    "mdd": 0.5315948246718093,
    "tradesCount": 120
  },
  "digitalSeal": "a55c14ac1250c87ed521bcaf3e0a1c67c1c7208567bf97e790b24a1d6b4044f9"
}