{
  "runId": "omega-1761088572004",
  "timestamp": "2025-10-21T23:16:12.010Z",
  "engineVersion": "v3.18",
  "strategy": "Example Strategy (Baseline)",
  "seed": "1761088572004",
  "options": {
    "initialCash": 10000,
    "feeBps": 11.001438527298507,
    "slippage": {
      "mode": "dynamic",
      "spreadBps": 15,
      "liquidityFactor": 0.7,
      "volatilityLookback": 10,
      "sizeImpactBps": 0.1,
      "minBps": 2,
      "maxBps": 60
    },
    "slippageBps": null
  },
  "data": {
    "bars": 240,
    "start": 1740010219424,
    "end": 1760659819424,
    "checksum": "none"
  },
  "metrics": {
    "equityFinal": 5347.085,
    "returnTotal": -0.46529149999999997,
    "cagr": -0.48319289263492937,
    "sharpe": -4.40939908354613,
    "mdd": 0.49791990714795575,
    "tradesCount": 120
  },
  "digitalSeal": "08b22152754493ee02cde9f2b542ffc53a092af98d1b722cb9ed90a11dda9a8a"
}