{
  "runId": "omega-1761081986792",
  "timestamp": "2025-10-21T21:26:26.796Z",
  "engineVersion": "v3.16",
  "strategy": "Example Strategy (Baseline)",
  "seed": "1761081986792",
  "options": {
    "initialCash": 10000,
    "feeBps": 9.142897932932595,
    "slippage": {
      "mode": "dynamic",
      "spreadBps": 15,
      "liquidityFactor": 0.7,
      "volatilityLookback": 10,
      "sizeImpactBps": 0.1,
      "minBps": 2,
      "maxBps": 60
    },
    "slippageBps": null
  },
  "data": {
    "bars": 240,
    "start": 1740010219424,
    "end": 1760659819424,
    "checksum": "none"
  },
  "metrics": {
    "equityFinal": 5261.99541,
    "returnTotal": -0.47380045899999995,
    "cagr": -0.49186054554705305,
    "sharpe": -4.447460391967343,
    "sortino": -3.826356576226383,
    "mdd": 0.5080873353284013,
    "tradesCount": 120
  },
  "digitalSeal": "5047eb7711ec70e4d770cfdf3594c8a3a6b735a9386e4e2283d9a20a39f9d613"
}