{
  "runId": "omega-1761081986934",
  "timestamp": "2025-10-21T21:26:26.938Z",
  "engineVersion": "v3.16",
  "strategy": "Example Strategy (Baseline)",
  "seed": "1761081986934",
  "options": {
    "initialCash": 10000,
    "feeBps": 11.634639066392136,
    "slippage": {
      "mode": "dynamic",
      "spreadBps": 15,
      "liquidityFactor": 0.7,
      "volatilityLookback": 10,
      "sizeImpactBps": 0.1,
      "minBps": 2,
      "maxBps": 60
    },
    "slippageBps": null
  },
  "data": {
    "bars": 240,
    "start": 1740010219424,
    "end": 1760659819424,
    "checksum": "none"
  },
  "metrics": {
    "equityFinal": 5058.18077,
    "returnTotal": -0.494181923,
    "cagr": -0.5125909146374295,
    "sharpe": -4.72448310985349,
    "sortino": -4.0162646217194915,
    "mdd": 0.5206393666578335,
    "tradesCount": 120
  },
  "digitalSeal": "2975961674b6dadf9f44318b315f003c45019c8325500d9e38b9cce5f8791299"
}