{
  "runId": "omega-1761081986503",
  "timestamp": "2025-10-21T21:26:26.507Z",
  "engineVersion": "v3.16",
  "strategy": "Example Strategy (Baseline)",
  "seed": "1761081986503",
  "options": {
    "initialCash": 10000,
    "feeBps": 8.075026691250438,
    "slippage": {
      "mode": "dynamic",
      "spreadBps": 15,
      "liquidityFactor": 0.7,
      "volatilityLookback": 10,
      "sizeImpactBps": 0.1,
      "minBps": 2,
      "maxBps": 60
    },
    "slippageBps": null
  },
  "data": {
    "bars": 240,
    "start": 1740010219424,
    "end": 1760659819424,
    "checksum": "none"
  },
  "metrics": {
    "equityFinal": 5629.06506,
    "returnTotal": -0.437093494,
    "cagr": -0.454415941753599,
    "sharpe": -3.8803087765804674,
    "sortino": -3.4563299025705514,
    "mdd": 0.48037638828931306,
    "tradesCount": 120
  },
  "digitalSeal": "3066cffdabaf9186960cd406a2247506f126c1dcebee2522c61e62b08ae4c6be"
}