{
  "runId": "omega-1761081986618",
  "timestamp": "2025-10-21T21:26:26.622Z",
  "engineVersion": "v3.16",
  "strategy": "Example Strategy (Baseline)",
  "seed": "1761081986618",
  "options": {
    "initialCash": 10000,
    "feeBps": 11.120991214575433,
    "slippage": {
      "mode": "dynamic",
      "spreadBps": 15,
      "liquidityFactor": 0.7,
      "volatilityLookback": 10,
      "sizeImpactBps": 0.1,
      "minBps": 2,
      "maxBps": 60
    },
    "slippageBps": null
  },
  "data": {
    "bars": 240,
    "start": 1740010219424,
    "end": 1760659819424,
    "checksum": "none"
  },
  "metrics": {
    "equityFinal": 5084.89137,
    "returnTotal": -0.49151086299999996,
    "cagr": -0.5098766772933798,
    "sharpe": -4.596478584891492,
    "sortino": -3.923833451590251,
    "mdd": 0.5237570153275637,
    "tradesCount": 120
  },
  "digitalSeal": "37cafc42d5f99abf5b0d39511c14a7920b378cda488889329e1c95072622a03f"
}