{
  "runId": "omega-1761081986867",
  "timestamp": "2025-10-21T21:26:26.871Z",
  "engineVersion": "v3.16",
  "strategy": "Example Strategy (Baseline)",
  "seed": "1761081986867",
  "options": {
    "initialCash": 10000,
    "feeBps": 11.453081259085295,
    "slippage": {
      "mode": "dynamic",
      "spreadBps": 15,
      "liquidityFactor": 0.7,
      "volatilityLookback": 10,
      "sizeImpactBps": 0.1,
      "minBps": 2,
      "maxBps": 60
    },
    "slippageBps": null
  },
  "data": {
    "bars": 240,
    "start": 1740010219424,
    "end": 1760659819424,
    "checksum": "none"
  },
  "metrics": {
    "equityFinal": 5011.86636,
    "returnTotal": -0.498813364,
    "cagr": -0.5172953724030391,
    "sharpe": -4.60601317375942,
    "sortino": -3.9166615374793614,
    "mdd": 0.5281438575680146,
    "tradesCount": 120
  },
  "digitalSeal": "b62cc2e0d85604ec8cef2ab3274055bddf572d919c5f7b16a0de173be90aeaed"
}