{
  "runId": "omega-1761083108429",
  "timestamp": "2025-10-21T21:45:08.433Z",
  "engineVersion": "v3.18",
  "strategy": "Example Strategy (Baseline)",
  "seed": "1761083108429",
  "options": {
    "initialCash": 10000,
    "feeBps": 12.127138176095158,
    "slippage": {
      "mode": "dynamic",
      "spreadBps": 15,
      "liquidityFactor": 0.7,
      "volatilityLookback": 10,
      "sizeImpactBps": 0.1,
      "minBps": 2,
      "maxBps": 60
    },
    "slippageBps": null
  },
  "data": {
    "bars": 240,
    "start": 1740010219424,
    "end": 1760659819424,
    "checksum": "none"
  },
  "metrics": {
    "equityFinal": 4771.40285,
    "returnTotal": -0.522859715,
    "cagr": -0.5416823483236353,
    "sharpe": -4.960240381695946,
    "mdd": 0.550485014001028,
    "tradesCount": 120
  },
  "digitalSeal": "e0fc4052e3f19d20de8f50a66e984d4a427364ff0a234df301a96be8cf22edc3"
}