{
  "runId": "omega-1761081653623",
  "timestamp": "2025-10-21T21:20:53.627Z",
  "engineVersion": "v3.16",
  "strategy": "Example Strategy (Baseline)",
  "seed": "1761081653623",
  "options": {
    "initialCash": 10000,
    "feeBps": 9.027139428790434,
    "slippage": {
      "mode": "dynamic",
      "spreadBps": 15,
      "liquidityFactor": 0.7,
      "volatilityLookback": 10,
      "sizeImpactBps": 0.1,
      "minBps": 2,
      "maxBps": 60
    },
    "slippageBps": null
  },
  "data": {
    "bars": 240,
    "start": 1740010219424,
    "end": 1760659819424,
    "checksum": "none"
  },
  "metrics": {
    "equityFinal": 5108.33553,
    "returnTotal": -0.48916644699999995,
    "cagr": -0.5074937248199742,
    "sharpe": -4.430657050804555,
    "sortino": -3.794914864452685,
    "mdd": 0.5228885785911846,
    "tradesCount": 120
  },
  "digitalSeal": "10bd1a597694b63c19f261797769c5dbd7adaddcff1c80359b7c6c8f3d48ec36"
}