{
  "runId": "omega-1761082301283",
  "timestamp": "2025-10-21T21:31:41.320Z",
  "engineVersion": "v3.17",
  "strategy": "Example Strategy (Baseline)",
  "seed": "1761082301283",
  "options": {
    "initialCash": 10000,
    "feeBps": 9.645631089578455,
    "slippage": {
      "mode": "dynamic",
      "spreadBps": 15,
      "liquidityFactor": 0.7,
      "volatilityLookback": 10,
      "sizeImpactBps": 0.1,
      "minBps": 2,
      "maxBps": 60
    },
    "slippageBps": null
  },
  "data": {
    "bars": 240,
    "start": 1740010219424,
    "end": 1760659819424,
    "checksum": "none"
  },
  "metrics": {
    "equityFinal": 4956.10061,
    "returnTotal": -0.504389939,
    "cagr": -0.5229567257548127,
    "sharpe": -4.860963590336671,
    "mdd": 0.5363138978655957,
    "tradesCount": 120
  },
  "digitalSeal": "d38faef6332f00deed551a66217a4641739c8f183e5b885869aab328ead8859a"
}