{
  "runId": "omega-1761082299324",
  "timestamp": "2025-10-21T21:31:39.334Z",
  "engineVersion": "v3.17",
  "strategy": "Example Strategy (Baseline)",
  "seed": "1761082299324",
  "options": {
    "initialCash": 10000,
    "feeBps": 10.916931039329443,
    "slippage": {
      "mode": "dynamic",
      "spreadBps": 15,
      "liquidityFactor": 0.7,
      "volatilityLookback": 10,
      "sizeImpactBps": 0.1,
      "minBps": 2,
      "maxBps": 60
    },
    "slippageBps": null
  },
  "data": {
    "bars": 240,
    "start": 1740010219424,
    "end": 1760659819424,
    "checksum": "none"
  },
  "metrics": {
    "equityFinal": 5147.91308,
    "returnTotal": -0.485208692,
    "cagr": -0.5034695654015177,
    "sharpe": -4.440378507956885,
    "mdd": 0.5230423149223146,
    "tradesCount": 120
  },
  "digitalSeal": "f5a6f3f036ee1d9279b55decb99c53f63eb9fa961dc6633ee60c5b6f10bceb1d"
}