{
  "runId": "omega-1761088572041",
  "timestamp": "2025-10-21T23:16:12.045Z",
  "engineVersion": "v3.18",
  "strategy": "Example Strategy (Baseline)",
  "seed": "1761088572041",
  "options": {
    "initialCash": 10000,
    "feeBps": 9.64541098534048,
    "slippage": {
      "mode": "dynamic",
      "spreadBps": 15,
      "liquidityFactor": 0.7,
      "volatilityLookback": 10,
      "sizeImpactBps": 0.1,
      "minBps": 2,
      "maxBps": 60
    },
    "slippageBps": null
  },
  "data": {
    "bars": 240,
    "start": 1740010219424,
    "end": 1760659819424,
    "checksum": "none"
  },
  "metrics": {
    "equityFinal": 4968.44963,
    "returnTotal": -0.503155037,
    "cagr": -0.5217033473636603,
    "sharpe": -4.617764084100754,
    "mdd": 0.5376737885528368,
    "tradesCount": 120
  },
  "digitalSeal": "5619fe00a486d2bec17c7ec6cbdfa74a77fd807d7858d83c77624cd2aedb12ff"
}