{
  "runId": "omega-1761088572295",
  "timestamp": "2025-10-21T23:16:12.298Z",
  "engineVersion": "v3.18",
  "strategy": "Example Strategy (Baseline)",
  "seed": "1761088572295",
  "options": {
    "initialCash": 10000,
    "feeBps": 7.891721235876812,
    "slippage": {
      "mode": "dynamic",
      "spreadBps": 15,
      "liquidityFactor": 0.7,
      "volatilityLookback": 10,
      "sizeImpactBps": 0.1,
      "minBps": 2,
      "maxBps": 60
    },
    "slippageBps": null
  },
  "data": {
    "bars": 240,
    "start": 1740010219424,
    "end": 1760659819424,
    "checksum": "none"
  },
  "metrics": {
    "equityFinal": 5269.91131,
    "returnTotal": -0.47300886899999994,
    "cagr": -0.49105451193819794,
    "sharpe": -4.478014836054116,
    "mdd": 0.5089154809173155,
    "tradesCount": 120
  },
  "digitalSeal": "f97fb87261abf13ed4c66263b868844cc641d8cc67a92f1c8f794d5417c7c28f"
}