{
  "runId": "omega-1761083160827",
  "timestamp": "2025-10-21T21:46:00.837Z",
  "engineVersion": "v3.18",
  "strategy": "Example Strategy (Baseline)",
  "seed": "1761083160827",
  "options": {
    "initialCash": 10000,
    "feeBps": 8.627946247836515,
    "slippage": {
      "mode": "dynamic",
      "spreadBps": 15,
      "liquidityFactor": 0.7,
      "volatilityLookback": 10,
      "sizeImpactBps": 0.1,
      "minBps": 2,
      "maxBps": 60
    },
    "slippageBps": null
  },
  "data": {
    "bars": 240,
    "start": 1740010219424,
    "end": 1760659819424,
    "checksum": "none"
  },
  "metrics": {
    "equityFinal": 5209.3521,
    "returnTotal": -0.47906479,
    "cagr": -0.4972192489912991,
    "sharpe": -4.3091767844104,
    "mdd": 0.5145830914339499,
    "tradesCount": 120
  },
  "digitalSeal": "9d757a9414e4f7f130b1ab29b298bd104f7d9f2ab34b263e0908bd45dde894fe"
}