{
  "runId": "omega-1761081986906",
  "timestamp": "2025-10-21T21:26:26.910Z",
  "engineVersion": "v3.16",
  "strategy": "Example Strategy (Baseline)",
  "seed": "1761081986906",
  "options": {
    "initialCash": 10000,
    "feeBps": 11.571086206038396,
    "slippage": {
      "mode": "dynamic",
      "spreadBps": 15,
      "liquidityFactor": 0.7,
      "volatilityLookback": 10,
      "sizeImpactBps": 0.1,
      "minBps": 2,
      "maxBps": 60
    },
    "slippageBps": null
  },
  "data": {
    "bars": 240,
    "start": 1740010219424,
    "end": 1760659819424,
    "checksum": "none"
  },
  "metrics": {
    "equityFinal": 5148.17301,
    "returnTotal": -0.48518269899999994,
    "cagr": -0.5034431307060834,
    "sharpe": -4.610506538518356,
    "sortino": -3.9357733215458444,
    "mdd": 0.5252385738387902,
    "tradesCount": 120
  },
  "digitalSeal": "55d2056b70a8cb39eb570c963693c3e0408479726a2dcf3fd8da8ad9bd6599f3"
}