{
  "runId": "omega-1761081986458",
  "timestamp": "2025-10-21T21:26:26.463Z",
  "engineVersion": "v3.16",
  "strategy": "Example Strategy (Baseline)",
  "seed": "1761081986458",
  "options": {
    "initialCash": 10000,
    "feeBps": 9.64541098534048,
    "slippage": {
      "mode": "dynamic",
      "spreadBps": 15,
      "liquidityFactor": 0.7,
      "volatilityLookback": 10,
      "sizeImpactBps": 0.1,
      "minBps": 2,
      "maxBps": 60
    },
    "slippageBps": null
  },
  "data": {
    "bars": 240,
    "start": 1740010219424,
    "end": 1760659819424,
    "checksum": "none"
  },
  "metrics": {
    "equityFinal": 4968.44963,
    "returnTotal": -0.503155037,
    "cagr": -0.5217033473636603,
    "sharpe": -4.617764084100754,
    "sortino": -4.021885086323473,
    "mdd": 0.5376737885528368,
    "tradesCount": 120
  },
  "digitalSeal": "2459ad24d37424e45c9227334c8ac9186a3af93f2e8c37d4585381d84793bb77"
}