{
  "runId": "omega-1761083108403",
  "timestamp": "2025-10-21T21:45:08.407Z",
  "engineVersion": "v3.18",
  "strategy": "Example Strategy (Baseline)",
  "seed": "1761083108403",
  "options": {
    "initialCash": 10000,
    "feeBps": 10.518497959855967,
    "slippage": {
      "mode": "dynamic",
      "spreadBps": 15,
      "liquidityFactor": 0.7,
      "volatilityLookback": 10,
      "sizeImpactBps": 0.1,
      "minBps": 2,
      "maxBps": 60
    },
    "slippageBps": null
  },
  "data": {
    "bars": 240,
    "start": 1740010219424,
    "end": 1760659819424,
    "checksum": "none"
  },
  "metrics": {
    "equityFinal": 5297.41785,
    "returnTotal": -0.47025821500000003,
    "cagr": -0.4882531571759702,
    "sharpe": -4.1954188346960235,
    "mdd": 0.5168859270194535,
    "tradesCount": 120
  },
  "digitalSeal": "9a15e8b9717aac38e8b0decd72ce4f3bbf2b867aeda5458e45f206f913e101e2"
}