{
  "runId": "omega-1761082300616",
  "timestamp": "2025-10-21T21:31:40.636Z",
  "engineVersion": "v3.17",
  "strategy": "Example Strategy (Baseline)",
  "seed": "1761082300616",
  "options": {
    "initialCash": 10000,
    "feeBps": 9.513275208116593,
    "slippage": {
      "mode": "dynamic",
      "spreadBps": 15,
      "liquidityFactor": 0.7,
      "volatilityLookback": 10,
      "sizeImpactBps": 0.1,
      "minBps": 2,
      "maxBps": 60
    },
    "slippageBps": null
  },
  "data": {
    "bars": 240,
    "start": 1740010219424,
    "end": 1760659819424,
    "checksum": "none"
  },
  "metrics": {
    "equityFinal": 5107.69298,
    "returnTotal": -0.489230702,
    "cagr": -0.5075590439565167,
    "sharpe": -4.635093136386719,
    "mdd": 0.5186597777943978,
    "tradesCount": 120
  },
  "digitalSeal": "b4ec21dc66733ff4f546ee144a3e48a8a8cf678b31c888094b4d73185816b948"
}