{
  "runId": "omega-1761082301015",
  "timestamp": "2025-10-21T21:31:41.032Z",
  "engineVersion": "v3.17",
  "strategy": "Example Strategy (Baseline)",
  "seed": "1761082301015",
  "options": {
    "initialCash": 10000,
    "feeBps": 11.453081259085295,
    "slippage": {
      "mode": "dynamic",
      "spreadBps": 15,
      "liquidityFactor": 0.7,
      "volatilityLookback": 10,
      "sizeImpactBps": 0.1,
      "minBps": 2,
      "maxBps": 60
    },
    "slippageBps": null
  },
  "data": {
    "bars": 240,
    "start": 1740010219424,
    "end": 1760659819424,
    "checksum": "none"
  },
  "metrics": {
    "equityFinal": 5011.86636,
    "returnTotal": -0.498813364,
    "cagr": -0.5172953724030391,
    "sharpe": -4.60601317375942,
    "mdd": 0.5281438575680146,
    "tradesCount": 120
  },
  "digitalSeal": "41acc1271f57c81f8ed56fe26791a53a127fcf563313ef63ebaf37bbe9da425f"
}