{
  "runId": "omega-1761081986912",
  "timestamp": "2025-10-21T21:26:26.916Z",
  "engineVersion": "v3.16",
  "strategy": "Example Strategy (Baseline)",
  "seed": "1761081986912",
  "options": {
    "initialCash": 10000,
    "feeBps": 10.70079817898418,
    "slippage": {
      "mode": "dynamic",
      "spreadBps": 15,
      "liquidityFactor": 0.7,
      "volatilityLookback": 10,
      "sizeImpactBps": 0.1,
      "minBps": 2,
      "maxBps": 60
    },
    "slippageBps": null
  },
  "data": {
    "bars": 240,
    "start": 1740010219424,
    "end": 1760659819424,
    "checksum": "none"
  },
  "metrics": {
    "equityFinal": 5004.09313,
    "returnTotal": -0.499590687,
    "cagr": -0.518084719125096,
    "sharpe": -4.7764084209170194,
    "sortino": -4.012246284873449,
    "mdd": 0.5366991174369988,
    "tradesCount": 120
  },
  "digitalSeal": "4dc7348b28e122f27362352bc338438e0774ebd3160d9b401b2e1cc6efdd04ae"
}