{
  "runId": "omega-1761083161397",
  "timestamp": "2025-10-21T21:46:01.405Z",
  "engineVersion": "v3.18",
  "strategy": "Example Strategy (Baseline)",
  "seed": "1761083161397",
  "options": {
    "initialCash": 10000,
    "feeBps": 11.675151793315662,
    "slippage": {
      "mode": "dynamic",
      "spreadBps": 15,
      "liquidityFactor": 0.7,
      "volatilityLookback": 10,
      "sizeImpactBps": 0.1,
      "minBps": 2,
      "maxBps": 60
    },
    "slippageBps": null
  },
  "data": {
    "bars": 240,
    "start": 1740010219424,
    "end": 1760659819424,
    "checksum": "none"
  },
  "metrics": {
    "equityFinal": 5024.73105,
    "returnTotal": -0.49752689499999997,
    "cagr": -0.5159888578912621,
    "sharpe": -4.963919780717834,
    "mdd": 0.5302869178831079,
    "tradesCount": 120
  },
  "digitalSeal": "39910cc270f400c03bd1a0e835ef8a5f8eb9899ab88e1e266c0eaf6ec2994cab"
}