equityFinal,returnTotal,cagr,sharpe,mdd,tradesCount
10239.78162,0.023978161999999976,0.025298777624772617,0.3234546366753997,0.10719190716962088,9