equityFinal,returnTotal,cagr,sharpe,mdd,tradesCount
10944.67005,0.09446700500000006,0.0998539943314587,1.071480824548232,0.09721247982040877,5