equityFinal,returnTotal,cagr,sharpe,mdd,tradesCount
5156.38396,-0.484361604,-0.5026080456028562,-4.372655546508405,0.5236487047769278,120