equityFinal,returnTotal,cagr,sharpe,mdd,tradesCount
5209.3521,-0.47906479,-0.4972192489912991,-4.3091767844104,0.5145830914339499,120