equityFinal,returnTotal,cagr,sharpe,mdd,tradesCount
10546.83695,0.05468369500000008,0.05774243192786366,1.2299026650737503,0.021671636587271705,1