equityFinal,returnTotal,cagr,sharpe,mdd,tradesCount
4994.75077,-0.5005249230000001,-0.5190333177425538,-4.711421881552493,0.5288818045962458,120