equityFinal,returnTotal,cagr,sharpe,mdd,tradesCount
4917.52252,-0.5082477479999999,-0.5268711586242854,-4.770494072386486,0.5415182411597216,120