equityFinal,returnTotal,cagr,sharpe,mdd,tradesCount
5060.86177,-0.493913823,-0.5123185159646664,-4.640647913146409,0.5148303341932577,120