equityFinal,returnTotal,cagr,sharpe,mdd,tradesCount
5085.04912,-0.491495088,-0.5098606449847797,-4.622298472133596,0.5243119339536249,120