equityFinal,returnTotal,cagr,sharpe,mdd,tradesCount
5097.914,-0.49020860000000005,-0.5085530818755731,-4.354981985217862,0.5243283415320906,120