equityFinal,returnTotal,cagr,sharpe,mdd,tradesCount
5108.33553,-0.48916644699999995,-0.5074937248199742,-4.430657050804555,0.5228885785911846,120