equityFinal,returnTotal,cagr,sharpe,mdd,tradesCount
4871.79417,-0.512820583,-0.5315089484613863,-4.801193860362861,0.5422010081568545,120