equityFinal,returnTotal,cagr,sharpe,mdd,tradesCount
5287.00392,-0.471299608,-0.4893138386927488,-4.347586251157876,0.5040953067228802,120