equityFinal,returnTotal,cagr,sharpe,mdd,tradesCount
5159.26549,-0.48407345100000004,-0.502314965799261,-4.497054964132449,0.5164740757604735,120