equityFinal,returnTotal,cagr,sharpe,mdd,tradesCount
5227.17209,-0.477282791,-0.49540563280008354,-4.292694664308989,0.5097795625554288,120