equityFinal,returnTotal,cagr,sharpe,mdd,tradesCount
5148.17301,-0.48518269899999994,-0.5034431307060834,-4.610506538518356,0.5252385738387902,120