equityFinal,returnTotal,cagr,sharpe,mdd,tradesCount
5222.34844,-0.477765156,-0.49589658942543013,-4.472657143578041,0.5148293574858459,120