equityFinal,returnTotal,cagr,sharpe,mdd,tradesCount
5004.81883,-0.499518117,-0.5180110294249218,-4.609920621432705,0.536779255638614,120