equityFinal,returnTotal,cagr,sharpe,mdd,tradesCount
4995.55966,-0.500444034,-0.5189511889970286,-4.802652646737396,0.5315948246718093,120