equityFinal,returnTotal,cagr,sharpe,mdd,tradesCount
4896.44761,-0.510355239,-0.5290088782423685,-4.985398512527044,0.5388419423876227,120