equityFinal,returnTotal,cagr,sharpe,mdd,tradesCount
5097.48598,-0.49025140199999995,-0.5085965879423335,-4.587817981324575,0.5224185811045741,120