equityFinal,returnTotal,cagr,sharpe,mdd,tradesCount
4959.92039,-0.504007961,-0.5225690507915668,-4.5857400883643376,0.5339416324219156,120