equityFinal,returnTotal,cagr,sharpe,mdd,tradesCount
5167.93364,-0.48320663599999997,-0.5014332764472185,-4.523886147034416,0.513735444649193,120