equityFinal,returnTotal,cagr,sharpe,mdd,tradesCount
5269.91131,-0.47300886899999994,-0.49105451193819794,-4.478014836054116,0.5089154809173155,120