equityFinal,returnTotal,cagr,sharpe,mdd,tradesCount
5102.81789,-0.48971821099999996,-0.5080546121013341,-4.505065545264154,0.5226623475757453,120