equityFinal,returnTotal,cagr,sharpe,mdd,tradesCount
4771.40285,-0.522859715,-0.5416823483236353,-4.960240381695946,0.550485014001028,120