equityFinal,returnTotal,cagr,sharpe,mdd,tradesCount
5125.43886,-0.487456114,-0.5057549026426014,-4.575871776474897,0.5240193712008532,120