equityFinal,returnTotal,cagr,sharpe,mdd,tradesCount
4968.44963,-0.503155037,-0.5217033473636603,-4.617764084100754,0.5376737885528368,120