equityFinal,returnTotal,cagr,sharpe,mdd,tradesCount
5143.67873,-0.485632127,-0.5039001855464513,-4.751289707955467,0.5096119046067401,120