equityFinal,returnTotal,cagr,sharpe,mdd,tradesCount
5011.86636,-0.498813364,-0.5172953724030391,-4.60601317375942,0.5281438575680146,120