equityFinal,returnTotal,cagr,sharpe,mdd,tradesCount
5283.01698,-0.47169830199999996,-0.4897198871713575,-4.322984106025169,0.5022787021317113,120