equityFinal,returnTotal,cagr,sharpe,mdd,tradesCount
5109.53243,-0.489046757,-0.5073720514246894,-4.909092976571279,0.5221113858157622,120