equityFinal,returnTotal,cagr,sharpe,mdd,tradesCount
5208.12373,-0.47918762699999995,-0.4973442530130413,-4.496311479604546,0.5086500248455538,120