equityFinal,returnTotal,cagr,sharpe,mdd,tradesCount
5147.91308,-0.485208692,-0.5034695654015177,-4.440378507956885,0.5230423149223146,120