equityFinal,returnTotal,cagr,sharpe,mdd,tradesCount
4812.57574,-0.518742426,-0.53751138737632,-4.681491461650043,0.5496829566004067,120