equityFinal,returnTotal,cagr,sharpe,mdd,tradesCount
5382.62135,-0.46173786499999997,-0.47957075311577946,-4.138213400212652,0.5110556706240593,120