equityFinal,returnTotal,cagr,sharpe,mdd,tradesCount
5267.03211,-0.473296789,-0.49134769304598136,-4.371565744630998,0.505315125791051,120