equityFinal,returnTotal,cagr,sharpe,mdd,tradesCount
5113.45431,-0.488654569,-0.5069733535762355,-4.637022103977603,0.5204669324553536,120