equityFinal,returnTotal,cagr,sharpe,mdd,tradesCount
5261.99541,-0.47380045899999995,-0.49186054554705305,-4.447460391967343,0.5080873353284013,120