equityFinal,returnTotal,cagr,sharpe,mdd,tradesCount
5058.18077,-0.494181923,-0.5125909146374295,-4.72448310985349,0.5206393666578335,120