equityFinal,returnTotal,cagr,sharpe,mdd,tradesCount
5017.23719,-0.49827628100000004,-0.5167499428332312,-4.513432864183917,0.5370351232028427,120