equityFinal,returnTotal,cagr,sharpe,mdd,tradesCount
5024.73105,-0.49752689499999997,-0.5159888578912621,-4.963919780717834,0.5302869178831079,120