equityFinal,returnTotal,cagr,sharpe,mdd,tradesCount
5206.15971,-0.479384029,-0.4975441164954052,-4.335064750550491,0.5240915497057874,120