equityFinal,returnTotal,cagr,sharpe,mdd,tradesCount
5004.09313,-0.499590687,-0.518084719125096,-4.7764084209170194,0.5366991174369988,120