equityFinal,returnTotal,cagr,sharpe,mdd,tradesCount
5009.16589,-0.499083411,-0.5175696040751514,-4.759290634141001,0.5301727546316629,120