equityFinal,returnTotal,cagr,sharpe,mdd,tradesCount
5220.95997,-0.477904003,-0.49603790492254296,-4.414129482307505,0.5233884733502158,120