equityFinal,returnTotal,cagr,sharpe,mdd,tradesCount
5143.49826,-0.485650174,-0.5039185383524256,-4.363591428599517,0.5250364815594138,120