equityFinal,returnTotal,cagr,sharpe,mdd,tradesCount
5110.40712,-0.488959288,-0.5072831319864195,-4.634838763715779,0.5240751939009568,120