equityFinal,returnTotal,cagr,sharpe,mdd,tradesCount
5216.16369,-0.478383631,-0.49652604427861746,-4.567126540187086,0.5185523897784496,120