equityFinal,returnTotal,cagr,sharpe,mdd,tradesCount
5084.89137,-0.49151086299999996,-0.5098766772933798,-4.596478584891492,0.5237570153275637,120