equityFinal,returnTotal,cagr,sharpe,mdd,tradesCount
5211.31921,-0.47886807900000006,-0.497019064386264,-4.330183325603076,0.5231977040557951,120