equityFinal,returnTotal,cagr,sharpe,mdd,tradesCount
4702.8921,-0.52971079,-0.5486183862454455,-5.168159457621412,0.5553039702682714,120