equityFinal,returnTotal,cagr,sharpe,mdd,tradesCount
5150.5243,-0.48494757,-0.5032040028934992,-4.618495449889629,0.5172611799686958,120