equityFinal,returnTotal,cagr,sharpe,mdd,tradesCount
5107.69298,-0.489230702,-0.5075590439565167,-4.635093136386719,0.5186597777943978,120