equityFinal,returnTotal,cagr,sharpe,mdd,tradesCount
5449.34939,-0.455065061,-0.4727658067744449,-4.298094980828801,0.48976102594530635,120