equityFinal,returnTotal,cagr,sharpe,mdd,tradesCount
4785.71448,-0.521428552,-0.5402327501576847,-4.900578197396988,0.5522631888361076,120