equityFinal,returnTotal,cagr,sharpe,mdd,tradesCount
5149.69367,-0.48503063300000004,-0.5032884792150922,-4.519627714944535,0.5116429938583811,120