equityFinal,returnTotal,cagr,sharpe,mdd,tradesCount
4926.50475,-0.507349525,-0.5259599004477864,-4.787981251380126,0.5424004203389929,120