equityFinal,returnTotal,cagr,sharpe,mdd,tradesCount
5204.3633,-0.47956367,-0.4977269199828894,-4.662626696588033,0.5165282162957382,120