equityFinal,returnTotal,cagr,sharpe,mdd,tradesCount
4894.06335,-0.5105936649999999,-0.5292506926142546,-4.95164437147408,0.53999810733029,120