equityFinal,returnTotal,cagr,sharpe,mdd,tradesCount
4943.56699,-0.505643301,-0.5242286666515763,-4.7461545584821385,0.5376006010796104,120