equityFinal,returnTotal,cagr,sharpe,mdd,tradesCount
10449.0953,0.044909530000000086,0.047409342092728624,1.0393821449568479,0.021671638760570416,1