equityFinal,returnTotal,cagr,sharpe,mdd,tradesCount
5021.24846,-0.49787515400000004,-0.5163425613760739,-4.779523367913987,0.5286293098275825,120