equityFinal,returnTotal,cagr,sharpe,mdd,tradesCount
5543.10725,-0.445689275,-0.4631967018082277,-3.9944377921332497,0.4852048042359386,120