equityFinal,returnTotal,cagr,sharpe,mdd,tradesCount
5111.75463,-0.48882453699999995,-0.5071461448832916,-4.7831660330536705,0.5179094533137285,120