equityFinal,returnTotal,cagr,sharpe,mdd,tradesCount
4733.74493,-0.526625507,-0.5454955168845057,-5.045746156200569,0.5512569546499692,120