equityFinal,returnTotal,cagr,sharpe,mdd,tradesCount
5138.72281,-0.48612771899999996,-0.5044041626111886,-4.505691196663401,0.5171840275428168,120