equityFinal,returnTotal,cagr,sharpe,mdd,tradesCount
5122.88703,-0.487711297,-0.5060143563075956,-4.590364340805395,0.5237611784831638,120