equityFinal,returnTotal,cagr,sharpe,mdd,tradesCount
5145.19512,-0.485480488,-0.5037459756438571,-4.660606233860228,0.5101187583667596,120