equityFinal,returnTotal,cagr,sharpe,mdd,tradesCount
5445.45346,-0.455454654,-0.47316324007446753,-4.075157652013009,0.4943773528061955,120