equityFinal,returnTotal,cagr,sharpe,mdd,tradesCount
5152.61899,-0.48473810100000003,-0.502990966476311,-4.676592756634262,0.5201593762035286,120