equityFinal,returnTotal,cagr,sharpe,mdd,tradesCount
4785.53971,-0.521446029,-0.5402504537068913,-4.94286707990971,0.5524818830167403,120