equityFinal,returnTotal,cagr,sharpe,mdd,tradesCount
5294.95754,-0.47050424599999996,-0.4885037553640842,-4.313756818660971,0.5122753348905175,120