equityFinal,returnTotal,cagr,sharpe,mdd,tradesCount
5234.44208,-0.47655579200000003,-0.4946656383321518,-4.43761223586335,0.5042232813368913,120