equityFinal,returnTotal,cagr,sharpe,mdd,tradesCount
5174.74497,-0.482525503,-0.5007403989093191,-4.564263071064245,0.5085021990043993,120