equityFinal,returnTotal,cagr,sharpe,mdd,tradesCount
5629.06506,-0.437093494,-0.454415941753599,-3.8803087765804674,0.48037638828931306,120