equityFinal,returnTotal,cagr,sharpe,mdd,tradesCount
5200.09101,-0.47999089899999997,-0.4981616563405066,-4.662143878325822,0.5136054590042078,120